Year,StateAbbr,StateDesc,LocationName,DataSource,Category,Measure,Data_Value_Unit,Data_Value_Type,Data_Value,Data_Value_Footnote_Symbol,Data_Value_Footnote,Low_Confidence_Limit,High_Confidence_Limit,TotalPopulation,LocationID,CategoryID,MeasureId,DataValueTypeID,Short_Question_Text,Geolocation,Counties
2021,HI,Hawaii,Hawaii,BRFSS,Health Outcomes,Coronary heart disease among adults aged >=18 years,%,Age-adjusted prevalence,4.9,,,4.3,5.5,202906,15001,HLTHOUT,CHD,AgeAdjPrv,Coronary Heart Disease,POINT (-155.5024434 19.5977643),1656
2021,HI,Hawaii,Kalawao,BRFSS,Health Outcomes,Current asthma among adults aged >=18 years,%,Age-adjusted prevalence,7.6,,,6.7,8.6,82,15005,HLTHOUT,CASTHMA,AgeAdjPrv,Current Asthma,POINT (-156.9740097 21.2187644),
2021,HI,Hawaii,Kalawao,BRFSS,Prevention,Current lack of health insurance among adults aged 18-64 years,%,Age-adjusted prevalence,5,,,3.5,7.0,82,15005,PREVENT,ACCESS2,AgeAdjPrv,Health Insurance,POINT (-156.9740097 21.2187644),
2021,HI,Hawaii,Maui,BRFSS,Prevention,Visits to doctor for routine checkup within the past year among adults aged >=18 years,%,Age-adjusted prevalence,65.9,,,61.1,70.0,164221,15009,PREVENT,CHECKUP,AgeAdjPrv,Annual Checkup,POINT (-156.6015502 20.8559308),209
2020,HI,Hawaii,Kauai,BRFSS,Health Outcomes,All teeth lost among adults aged >=65 years,%,Age-adjusted prevalence,6.9,,,5.2,8.8,73454,15007,HLTHOUT,TEETHLOST,AgeAdjPrv,All Teeth Lost,POINT (-159.7059653 22.0120383),1658
2021,HI,Hawaii,Kauai,BRFSS,Prevention,Taking medicine for high blood pressure control among adults aged >=18 years with high blood pressure,%,Crude prevalence,79.2,,,76.3,81.9,73454,15007,PREVENT,BPMED,CrdPrv,Taking BP Medication,POINT (-159.7059653 22.0120383),1658
2020,HI,Hawaii,Maui,BRFSS,Health Risk Behaviors,Sleeping less than 7 hours among adults aged >=18 years,%,Crude prevalence,34.7,,,33.8,35.7,164221,15009,RISKBEH,SLEEP,CrdPrv,Sleep <7 hours,POINT (-156.6015502 20.8559308),209
2020,HI,Hawaii,Hawaii,BRFSS,Prevention,Visits to dentist or dental clinic among adults aged >=18 years,%,Crude prevalence,65.6,,,63.5,67.6,202906,15001,PREVENT,DENTAL,CrdPrv,Dental Visit,POINT (-155.5024434 19.5977643),1656
2021,HI,Hawaii,Kalawao,BRFSS,Prevention,Taking medicine for high blood pressure control among adults aged >=18 years with high blood pressure,%,Crude prevalence,83.7,,,80.5,86.3,82,15005,PREVENT,BPMED,CrdPrv,Taking BP Medication,POINT (-156.9740097 21.2187644),
2021,HI,Hawaii,Hawaii,BRFSS,Prevention,Visits to doctor for routine checkup within the past year among adults aged >=18 years,%,Crude prevalence,71.1,,,66.8,74.9,202906,15001,PREVENT,CHECKUP,CrdPrv,Annual Checkup,POINT (-155.5024434 19.5977643),1656
2021,HI,Hawaii,Kalawao,BRFSS,Health Outcomes,Obesity among adults aged >=18 years,%,Crude prevalence,31.5,,,26.7,36.5,82,15005,HLTHOUT,OBESITY,CrdPrv,Obesity,POINT (-156.9740097 21.2187644),
2021,HI,Hawaii,Honolulu,BRFSS,Health Outcomes,Current asthma among adults aged >=18 years,%,Age-adjusted prevalence,8.4,,,7.4,9.3,1000890,15003,HLTHOUT,CASTHMA,AgeAdjPrv,Current Asthma,POINT (-158.201974 21.4613654),1657
2020,HI,Hawaii,Hawaii,BRFSS,Health Risk Behaviors,Sleeping less than 7 hours among adults aged >=18 years,%,Crude prevalence,36.8,,,35.9,37.8,202906,15001,RISKBEH,SLEEP,CrdPrv,Sleep <7 hours,POINT (-155.5024434 19.5977643),1656
2021,HI,Hawaii,Maui,BRFSS,Prevention,Taking medicine for high blood pressure control among adults aged >=18 years with high blood pressure,%,Crude prevalence,77.5,,,74.2,80.4,164221,15009,PREVENT,BPMED,CrdPrv,Taking BP Medication,POINT (-156.6015502 20.8559308),209
2021,HI,Hawaii,Kauai,BRFSS,Health Outcomes,Current asthma among adults aged >=18 years,%,Age-adjusted prevalence,9.2,,,8.2,10.4,73454,15007,HLTHOUT,CASTHMA,AgeAdjPrv,Current Asthma,POINT (-159.7059653 22.0120383),1658
2020,HI,Hawaii,Maui,BRFSS,Prevention,"Older adult men aged >=65 years who are up to date on a core set of clinical preventive services: Flu shot past year, PPV shot ever, Colorectal cancer screening",%,Age-adjusted prevalence,31,,,27.0,35.1,164221,15009,PREVENT,COREM,AgeAdjPrv,Core preventive services for older men,POINT (-156.6015502 20.8559308),209
2020,HI,Hawaii,Honolulu,BRFSS,Prevention,"Older adult men aged >=65 years who are up to date on a core set of clinical preventive services: Flu shot past year, PPV shot ever, Colorectal cancer screening",%,Crude prevalence,36,,,31.8,40.7,1000890,15003,PREVENT,COREM,CrdPrv,Core preventive services for older men,POINT (-158.201974 21.4613654),1657
2021,HI,Hawaii,Maui,BRFSS,Disability,Any disability among adults aged >=18 years,%,Crude prevalence,24.1,,,21.1,27.1,164221,15009,DISABLT,DISABILITY,CrdPrv,Any Disability,POINT (-156.6015502 20.8559308),209
2021,HI,Hawaii,Kauai,BRFSS,Health Outcomes,Obesity among adults aged >=18 years,%,Age-adjusted prevalence,23.8,,,19.8,28.2,73454,15007,HLTHOUT,OBESITY,AgeAdjPrv,Obesity,POINT (-159.7059653 22.0120383),1658
2021,HI,Hawaii,Honolulu,BRFSS,Health Status,Mental health not good for >=14 days among adults aged >=18 years,%,Crude prevalence,12.2,,,10.9,13.7,1000890,15003,HLTHSTAT,MHLTH,CrdPrv,Mental Health,POINT (-158.201974 21.4613654),1657
2021,HI,Hawaii,Kalawao,BRFSS,Disability,Hearing disability among adults aged >=18 years,%,Age-adjusted prevalence,6.1,,,5.3,6.9,82,15005,DISABLT,HEARING,AgeAdjPrv,Hearing Disability,POINT (-156.9740097 21.2187644),
2021,HI,Hawaii,Honolulu,BRFSS,Disability,Hearing disability among adults aged >=18 years,%,Age-adjusted prevalence,5.4,,,4.8,6.0,1000890,15003,DISABLT,HEARING,AgeAdjPrv,Hearing Disability,POINT (-158.201974 21.4613654),1657
2021,HI,Hawaii,Kalawao,BRFSS,Health Outcomes,Chronic kidney disease among adults aged >=18 years,%,Crude prevalence,5.7,,,4.9,6.5,82,15005,HLTHOUT,KIDNEY,CrdPrv,Chronic Kidney Disease,POINT (-156.9740097 21.2187644),
2020,HI,Hawaii,Maui,BRFSS,Prevention,Visits to dentist or dental clinic among adults aged >=18 years,%,Crude prevalence,69.5,,,67.6,71.4,164221,15009,PREVENT,DENTAL,CrdPrv,Dental Visit,POINT (-156.6015502 20.8559308),209
2021,HI,Hawaii,Kauai,BRFSS,Disability,Hearing disability among adults aged >=18 years,%,Age-adjusted prevalence,6.1,,,5.4,6.8,73454,15007,DISABLT,HEARING,AgeAdjPrv,Hearing Disability,POINT (-159.7059653 22.0120383),1658
2021,HI,Hawaii,Hawaii,BRFSS,Health Outcomes,Arthritis among adults aged >=18 years,%,Age-adjusted prevalence,19,,,16.7,21.4,202906,15001,HLTHOUT,ARTHRITIS,AgeAdjPrv,Arthritis,POINT (-155.5024434 19.5977643),1656
2021,HI,Hawaii,Kalawao,BRFSS,Prevention,Visits to doctor for routine checkup within the past year among adults aged >=18 years,%,Crude prevalence,77.3,,,73.7,80.6,82,15005,PREVENT,CHECKUP,CrdPrv,Annual Checkup,POINT (-156.9740097 21.2187644),
2021,HI,Hawaii,Maui,BRFSS,Health Outcomes,Arthritis among adults aged >=18 years,%,Crude prevalence,21.7,,,19.1,24.2,164221,15009,HLTHOUT,ARTHRITIS,CrdPrv,Arthritis,POINT (-156.6015502 20.8559308),209
2020,HI,Hawaii,Kalawao,BRFSS,Prevention,Mammography use among women aged 50-74 years,%,Age-adjusted prevalence,79.9,,,77.3,82.3,82,15005,PREVENT,MAMMOUSE,AgeAdjPrv,Mammography,POINT (-156.9740097 21.2187644),
2021,HI,Hawaii,Kauai,BRFSS,Disability,Any disability among adults aged >=18 years,%,Crude prevalence,25.2,,,22.2,28.4,73454,15007,DISABLT,DISABILITY,CrdPrv,Any Disability,POINT (-159.7059653 22.0120383),1658
2020,HI,Hawaii,Kauai,BRFSS,Health Risk Behaviors,Sleeping less than 7 hours among adults aged >=18 years,%,Age-adjusted prevalence,39.1,,,38.1,40.1,73454,15007,RISKBEH,SLEEP,AgeAdjPrv,Sleep <7 hours,POINT (-159.7059653 22.0120383),1658
2021,HI,Hawaii,Maui,BRFSS,Health Status,Physical health not good for >=14 days among adults aged >=18 years,%,Crude prevalence,8.7,,,7.5,9.9,164221,15009,HLTHSTAT,PHLTH,CrdPrv,Physical Health,POINT (-156.6015502 20.8559308),209
2021,HI,Hawaii,Hawaii,BRFSS,Health Outcomes,Diagnosed diabetes among adults aged >=18 years,%,Crude prevalence,11.2,,,9.8,12.6,202906,15001,HLTHOUT,DIABETES,CrdPrv,Diabetes,POINT (-155.5024434 19.5977643),1656
2020,HI,Hawaii,Hawaii,BRFSS,Health Outcomes,All teeth lost among adults aged >=65 years,%,Crude prevalence,7.8,,,5.8,9.9,202906,15001,HLTHOUT,TEETHLOST,CrdPrv,All Teeth Lost,POINT (-155.5024434 19.5977643),1656
2021,HI,Hawaii,Kalawao,BRFSS,Disability,Any disability among adults aged >=18 years,%,Crude prevalence,34.7,,,30.1,38.9,82,15005,DISABLT,DISABILITY,CrdPrv,Any Disability,POINT (-156.9740097 21.2187644),
2021,HI,Hawaii,Maui,BRFSS,Health Outcomes,Chronic kidney disease among adults aged >=18 years,%,Age-adjusted prevalence,2.7,,,2.5,2.9,164221,15009,HLTHOUT,KIDNEY,AgeAdjPrv,Chronic Kidney Disease,POINT (-156.6015502 20.8559308),209
2020,HI,Hawaii,Hawaii,BRFSS,Prevention,Mammography use among women aged 50-74 years,%,Age-adjusted prevalence,74.8,,,72.4,76.9,202906,15001,PREVENT,MAMMOUSE,AgeAdjPrv,Mammography,POINT (-155.5024434 19.5977643),1656
2021,HI,Hawaii,Kalawao,BRFSS,Disability,Vision disability among adults aged >=18 years,%,Crude prevalence,7.7,,,6.2,9.4,82,15005,DISABLT,VISION,CrdPrv,Vision Disability,POINT (-156.9740097 21.2187644),
2020,HI,Hawaii,Maui,BRFSS,Prevention,"Fecal occult blood test, sigmoidoscopy, or colonoscopy among adults aged 50-75 years",%,Age-adjusted prevalence,72.7,,,71.1,74.4,164221,15009,PREVENT,COLON_SCREEN,AgeAdjPrv,Colorectal Cancer Screening,POINT (-156.6015502 20.8559308),209
2021,HI,Hawaii,Hawaii,BRFSS,Disability,Cognitive disability among adults ages >=18 years,%,Age-adjusted prevalence,12.4,,,10.8,14.1,202906,15001,DISABLT,COGNITION,AgeAdjPrv,Cognitive Disability,POINT (-155.5024434 19.5977643),1656
2021,HI,Hawaii,Honolulu,BRFSS,Health Risk Behaviors,No leisure-time physical activity among adults aged >=18 years,%,Crude prevalence,20.9,,,17.7,24.1,1000890,15003,RISKBEH,LPA,CrdPrv,Physical Inactivity,POINT (-158.201974 21.4613654),1657
2021,HI,Hawaii,Maui,BRFSS,Disability,Vision disability among adults aged >=18 years,%,Crude prevalence,4.5,,,4.0,5.1,164221,15009,DISABLT,VISION,CrdPrv,Vision Disability,POINT (-156.6015502 20.8559308),209
2020,HI,Hawaii,Kauai,BRFSS,Prevention,"Older adult women aged >=65 years who are up to date on a core set of clinical preventive services: Flu shot past year, PPV shot ever, Colorectal cancer screening, and Mammogram past 2 years",%,Crude prevalence,30,,,26.2,33.8,73454,15007,PREVENT,COREW,CrdPrv,Core preventive services for older women,POINT (-159.7059653 22.0120383),1658
2020,HI,Hawaii,Honolulu,BRFSS,Prevention,"Fecal occult blood test, sigmoidoscopy, or colonoscopy among adults aged 50-75 years",%,Crude prevalence,73.9,,,71.9,75.6,1000890,15003,PREVENT,COLON_SCREEN,CrdPrv,Colorectal Cancer Screening,POINT (-158.201974 21.4613654),1657
2021,HI,Hawaii,Hawaii,BRFSS,Health Outcomes,Cancer (excluding skin cancer) among adults aged >=18 years,%,Crude prevalence,7.6,,,6.9,8.2,202906,15001,HLTHOUT,CANCER,CrdPrv,Cancer (except skin),POINT (-155.5024434 19.5977643),1656
2021,HI,Hawaii,Kalawao,BRFSS,Disability,Cognitive disability among adults ages >=18 years,%,Age-adjusted prevalence,8.6,,,7.1,10.4,82,15005,DISABLT,COGNITION,AgeAdjPrv,Cognitive Disability,POINT (-156.9740097 21.2187644),
2021,HI,Hawaii,Maui,BRFSS,Health Status,Mental health not good for >=14 days among adults aged >=18 years,%,Age-adjusted prevalence,13.6,,,12.0,15.4,164221,15009,HLTHSTAT,MHLTH,AgeAdjPrv,Mental Health,POINT (-156.6015502 20.8559308),209
2021,HI,Hawaii,Kalawao,BRFSS,Health Risk Behaviors,Current smoking among adults aged >=18 years,%,Crude prevalence,13.3,,,10.5,16.3,82,15005,RISKBEH,CSMOKING,CrdPrv,Current Smoking,POINT (-156.9740097 21.2187644),
2021,HI,Hawaii,Hawaii,BRFSS,Health Status,Fair or poor self-rated health status among adults aged >=18 years,%,Crude prevalence,16,,,14.0,18.2,202906,15001,HLTHSTAT,GHLTH,CrdPrv,General Health,POINT (-155.5024434 19.5977643),1656
2021,HI,Hawaii,Hawaii,BRFSS,Disability,Mobility disability among adults aged >=18 years,%,Age-adjusted prevalence,10.7,,,9.3,12.1,202906,15001,DISABLT,MOBILITY,AgeAdjPrv,Mobility Disability,POINT (-155.5024434 19.5977643),1656
2021,HI,Hawaii,Maui,BRFSS,Prevention,Cholesterol screening among adults aged >=18 years,%,Crude prevalence,81.3,,,78.6,83.8,164221,15009,PREVENT,CHOLSCREEN,CrdPrv,Cholesterol Screening,POINT (-156.6015502 20.8559308),209
2021,HI,Hawaii,Kalawao,BRFSS,Health Outcomes,Depression among adults aged >=18 years,%,Crude prevalence,10.1,,,8.4,11.8,82,15005,HLTHOUT,DEPRESSION,CrdPrv,Depression,POINT (-156.9740097 21.2187644),
2020,HI,Hawaii,Kauai,BRFSS,Prevention,Visits to dentist or dental clinic among adults aged >=18 years,%,Age-adjusted prevalence,71.4,,,69.4,73.2,73454,15007,PREVENT,DENTAL,AgeAdjPrv,Dental Visit,POINT (-159.7059653 22.0120383),1658
2021,HI,Hawaii,Honolulu,BRFSS,Prevention,Current lack of health insurance among adults aged 18-64 years,%,Crude prevalence,5.3,,,4.3,6.4,1000890,15003,PREVENT,ACCESS2,CrdPrv,Health Insurance,POINT (-158.201974 21.4613654),1657
2021,HI,Hawaii,Hawaii,BRFSS,Health Outcomes,Chronic obstructive pulmonary disease among adults aged >=18 years,%,Age-adjusted prevalence,5,,,4.3,5.7,202906,15001,HLTHOUT,COPD,AgeAdjPrv,COPD,POINT (-155.5024434 19.5977643),1656
2021,HI,Hawaii,Kalawao,BRFSS,Disability,Self-care disability among adults aged >=18 years,%,Crude prevalence,5.8,,,4.8,7.0,82,15005,DISABLT,SELFCARE,CrdPrv,Self-care Disability,POINT (-156.9740097 21.2187644),
2021,HI,Hawaii,Kauai,BRFSS,Health Outcomes,Chronic kidney disease among adults aged >=18 years,%,Crude prevalence,3.4,,,3.1,3.7,73454,15007,HLTHOUT,KIDNEY,CrdPrv,Chronic Kidney Disease,POINT (-159.7059653 22.0120383),1658
2021,HI,Hawaii,Honolulu,BRFSS,Prevention,Cholesterol screening among adults aged >=18 years,%,Crude prevalence,81.6,,,79.0,83.9,1000890,15003,PREVENT,CHOLSCREEN,CrdPrv,Cholesterol Screening,POINT (-158.201974 21.4613654),1657
2021,HI,Hawaii,Honolulu,BRFSS,Disability,Self-care disability among adults aged >=18 years,%,Crude prevalence,2.8,,,2.5,3.1,1000890,15003,DISABLT,SELFCARE,CrdPrv,Self-care Disability,POINT (-158.201974 21.4613654),1657
2021,HI,Hawaii,Hawaii,BRFSS,Health Outcomes,High blood pressure among adults aged >=18 years,%,Crude prevalence,31.2,,,28.0,34.5,202906,15001,HLTHOUT,BPHIGH,CrdPrv,High Blood Pressure,POINT (-155.5024434 19.5977643),1656
2021,HI,Hawaii,Kauai,BRFSS,Prevention,Visits to doctor for routine checkup within the past year among adults aged >=18 years,%,Crude prevalence,74.4,,,70.5,78.3,73454,15007,PREVENT,CHECKUP,CrdPrv,Annual Checkup,POINT (-159.7059653 22.0120383),1658
2021,HI,Hawaii,Kauai,BRFSS,Health Outcomes,Arthritis among adults aged >=18 years,%,Age-adjusted prevalence,19.8,,,17.4,22.3,73454,15007,HLTHOUT,ARTHRITIS,AgeAdjPrv,Arthritis,POINT (-159.7059653 22.0120383),1658
2021,HI,Hawaii,Maui,BRFSS,Health Outcomes,Obesity among adults aged >=18 years,%,Age-adjusted prevalence,24.1,,,20.1,28.3,164221,15009,HLTHOUT,OBESITY,AgeAdjPrv,Obesity,POINT (-156.6015502 20.8559308),209
2021,HI,Hawaii,Hawaii,BRFSS,Disability,Independent living disability among adults aged >=18 years,%,Age-adjusted prevalence,6.8,,,6.0,7.7,202906,15001,DISABLT,INDEPLIVE,AgeAdjPrv,Independent Living Disability,POINT (-155.5024434 19.5977643),1656
2021,HI,Hawaii,Kalawao,BRFSS,Health Outcomes,Coronary heart disease among adults aged >=18 years,%,Age-adjusted prevalence,5.4,,,4.7,6.2,82,15005,HLTHOUT,CHD,AgeAdjPrv,Coronary Heart Disease,POINT (-156.9740097 21.2187644),
2021,HI,Hawaii,Kauai,BRFSS,Health Outcomes,Current asthma among adults aged >=18 years,%,Crude prevalence,8.9,,,7.9,10.0,73454,15007,HLTHOUT,CASTHMA,CrdPrv,Current Asthma,POINT (-159.7059653 22.0120383),1658
2021,HI,Hawaii,Kauai,BRFSS,Health Outcomes,Diagnosed diabetes among adults aged >=18 years,%,Age-adjusted prevalence,8.4,,,7.3,9.6,73454,15007,HLTHOUT,DIABETES,AgeAdjPrv,Diabetes,POINT (-159.7059653 22.0120383),1658
2020,HI,Hawaii,Kauai,BRFSS,Prevention,Mammography use among women aged 50-74 years,%,Crude prevalence,73.7,,,71.4,76.0,73454,15007,PREVENT,MAMMOUSE,CrdPrv,Mammography,POINT (-159.7059653 22.0120383),1658
2021,HI,Hawaii,Hawaii,BRFSS,Health Status,Physical health not good for >=14 days among adults aged >=18 years,%,Crude prevalence,10.8,,,9.5,12.3,202906,15001,HLTHSTAT,PHLTH,CrdPrv,Physical Health,POINT (-155.5024434 19.5977643),1656
2020,HI,Hawaii,Honolulu,BRFSS,Health Outcomes,All teeth lost among adults aged >=65 years,%,Age-adjusted prevalence,5.4,,,4.0,7.2,1000890,15003,HLTHOUT,TEETHLOST,AgeAdjPrv,All Teeth Lost,POINT (-158.201974 21.4613654),1657
2021,HI,Hawaii,Honolulu,BRFSS,Health Outcomes,Coronary heart disease among adults aged >=18 years,%,Age-adjusted prevalence,3.9,,,3.5,4.4,1000890,15003,HLTHOUT,CHD,AgeAdjPrv,Coronary Heart Disease,POINT (-158.201974 21.4613654),1657
2021,HI,Hawaii,Maui,BRFSS,Health Outcomes,Current asthma among adults aged >=18 years,%,Crude prevalence,9,,,7.9,10.0,164221,15009,HLTHOUT,CASTHMA,CrdPrv,Current Asthma,POINT (-156.6015502 20.8559308),209
2020,HI,Hawaii,Kalawao,BRFSS,Prevention,"Older adult men aged >=65 years who are up to date on a core set of clinical preventive services: Flu shot past year, PPV shot ever, Colorectal cancer screening",%,Crude prevalence,29.3,,,24.2,34.9,82,15005,PREVENT,COREM,CrdPrv,Core preventive services for older men,POINT (-156.9740097 21.2187644),
2020,HI,Hawaii,Hawaii,BRFSS,Prevention,"Older adult women aged >=65 years who are up to date on a core set of clinical preventive services: Flu shot past year, PPV shot ever, Colorectal cancer screening, and Mammogram past 2 years",%,Crude prevalence,34.6,,,30.6,38.1,202906,15001,PREVENT,COREW,CrdPrv,Core preventive services for older women,POINT (-155.5024434 19.5977643),1656
2021,HI,Hawaii,Honolulu,BRFSS,Health Risk Behaviors,Current smoking among adults aged >=18 years,%,Crude prevalence,10.7,,,8.9,12.6,1000890,15003,RISKBEH,CSMOKING,CrdPrv,Current Smoking,POINT (-158.201974 21.4613654),1657
2021,HI,Hawaii,Kauai,BRFSS,Disability,Vision disability among adults aged >=18 years,%,Crude prevalence,4.7,,,4.2,5.3,73454,15007,DISABLT,VISION,CrdPrv,Vision Disability,POINT (-159.7059653 22.0120383),1658
2021,HI,Hawaii,Maui,BRFSS,Disability,Hearing disability among adults aged >=18 years,%,Crude prevalence,7,,,6.2,7.8,164221,15009,DISABLT,HEARING,CrdPrv,Hearing Disability,POINT (-156.6015502 20.8559308),209
2021,HI,Hawaii,Hawaii,BRFSS,Health Outcomes,Arthritis among adults aged >=18 years,%,Crude prevalence,24,,,21.3,26.8,202906,15001,HLTHOUT,ARTHRITIS,CrdPrv,Arthritis,POINT (-155.5024434 19.5977643),1656
2021,HI,Hawaii,Honolulu,BRFSS,Health Outcomes,High blood pressure among adults aged >=18 years,%,Age-adjusted prevalence,26.6,,,23.8,29.3,1000890,15003,HLTHOUT,BPHIGH,AgeAdjPrv,High Blood Pressure,POINT (-158.201974 21.4613654),1657
2021,HI,Hawaii,Kalawao,BRFSS,Disability,Independent living disability among adults aged >=18 years,%,Age-adjusted prevalence,5.8,,,4.8,6.9,82,15005,DISABLT,INDEPLIVE,AgeAdjPrv,Independent Living Disability,POINT (-156.9740097 21.2187644),
2021,HI,Hawaii,Kauai,BRFSS,Disability,Cognitive disability among adults ages >=18 years,%,Crude prevalence,10.3,,,8.9,11.8,73454,15007,DISABLT,COGNITION,CrdPrv,Cognitive Disability,POINT (-159.7059653 22.0120383),1658
2021,HI,Hawaii,Honolulu,BRFSS,Disability,Independent living disability among adults aged >=18 years,%,Age-adjusted prevalence,5.1,,,4.5,5.8,1000890,15003,DISABLT,INDEPLIVE,AgeAdjPrv,Independent Living Disability,POINT (-158.201974 21.4613654),1657
2021,HI,Hawaii,Honolulu,BRFSS,Health Outcomes,Diagnosed diabetes among adults aged >=18 years,%,Age-adjusted prevalence,9.2,,,8.1,10.4,1000890,15003,HLTHOUT,DIABETES,AgeAdjPrv,Diabetes,POINT (-158.201974 21.4613654),1657
2020,HI,Hawaii,Maui,BRFSS,Prevention,"Older adult women aged >=65 years who are up to date on a core set of clinical preventive services: Flu shot past year, PPV shot ever, Colorectal cancer screening, and Mammogram past 2 years",%,Crude prevalence,32.5,,,28.6,36.3,164221,15009,PREVENT,COREW,CrdPrv,Core preventive services for older women,POINT (-156.6015502 20.8559308),209
2021,HI,Hawaii,Kauai,BRFSS,Health Outcomes,High blood pressure among adults aged >=18 years,%,Age-adjusted prevalence,24.8,,,22.0,27.7,73454,15007,HLTHOUT,BPHIGH,AgeAdjPrv,High Blood Pressure,POINT (-159.7059653 22.0120383),1658
2020,HI,Hawaii,Maui,BRFSS,Health Outcomes,All teeth lost among adults aged >=65 years,%,Age-adjusted prevalence,7.4,,,5.6,9.5,164221,15009,HLTHOUT,TEETHLOST,AgeAdjPrv,All Teeth Lost,POINT (-156.6015502 20.8559308),209
2021,HI,Hawaii,Kalawao,BRFSS,Health Outcomes,Chronic kidney disease among adults aged >=18 years,%,Age-adjusted prevalence,2.9,,,2.6,3.2,82,15005,HLTHOUT,KIDNEY,AgeAdjPrv,Chronic Kidney Disease,POINT (-156.9740097 21.2187644),
2020,HI,Hawaii,Maui,BRFSS,Prevention,Visits to dentist or dental clinic among adults aged >=18 years,%,Age-adjusted prevalence,68.9,,,66.9,70.9,164221,15009,PREVENT,DENTAL,AgeAdjPrv,Dental Visit,POINT (-156.6015502 20.8559308),209
2021,HI,Hawaii,Hawaii,BRFSS,Disability,Hearing disability among adults aged >=18 years,%,Age-adjusted prevalence,6.3,,,5.6,7.0,202906,15001,DISABLT,HEARING,AgeAdjPrv,Hearing Disability,POINT (-155.5024434 19.5977643),1656
2020,HI,Hawaii,Hawaii,BRFSS,Health Risk Behaviors,Sleeping less than 7 hours among adults aged >=18 years,%,Age-adjusted prevalence,38.3,,,37.3,39.2,202906,15001,RISKBEH,SLEEP,AgeAdjPrv,Sleep <7 hours,POINT (-155.5024434 19.5977643),1656
2021,HI,Hawaii,Hawaii,BRFSS,Health Outcomes,Chronic kidney disease among adults aged >=18 years,%,Crude prevalence,3.6,,,3.3,3.9,202906,15001,HLTHOUT,KIDNEY,CrdPrv,Chronic Kidney Disease,POINT (-155.5024434 19.5977643),1656
2020,HI,Hawaii,Maui,BRFSS,Prevention,"Older adult men aged >=65 years who are up to date on a core set of clinical preventive services: Flu shot past year, PPV shot ever, Colorectal cancer screening",%,Crude prevalence,30.7,,,26.5,34.8,164221,15009,PREVENT,COREM,CrdPrv,Core preventive services for older men,POINT (-156.6015502 20.8559308),209
2021,HI,Hawaii,Kauai,BRFSS,Health Status,Mental health not good for >=14 days among adults aged >=18 years,%,Crude prevalence,12.9,,,11.3,14.6,73454,15007,HLTHSTAT,MHLTH,CrdPrv,Mental Health,POINT (-159.7059653 22.0120383),1658
2021,HI,Hawaii,Kalawao,BRFSS,Disability,Hearing disability among adults aged >=18 years,%,Crude prevalence,12.2,,,10.5,13.9,82,15005,DISABLT,HEARING,CrdPrv,Hearing Disability,POINT (-156.9740097 21.2187644),
2020,HI,Hawaii,Kalawao,BRFSS,Prevention,"Fecal occult blood test, sigmoidoscopy, or colonoscopy among adults aged 50-75 years",%,Crude prevalence,78.3,,,76.3,80.1,82,15005,PREVENT,COLON_SCREEN,CrdPrv,Colorectal Cancer Screening,POINT (-156.9740097 21.2187644),
2020,HI,Hawaii,Kalawao,BRFSS,Prevention,Visits to dentist or dental clinic among adults aged >=18 years,%,Crude prevalence,76.4,,,73.3,79.3,82,15005,PREVENT,DENTAL,CrdPrv,Dental Visit,POINT (-156.9740097 21.2187644),
2020,HI,Hawaii,Kauai,BRFSS,Health Risk Behaviors,Sleeping less than 7 hours among adults aged >=18 years,%,Crude prevalence,37.9,,,36.8,38.8,73454,15007,RISKBEH,SLEEP,CrdPrv,Sleep <7 hours,POINT (-159.7059653 22.0120383),1658
2020,HI,Hawaii,Hawaii,BRFSS,Prevention,Visits to dentist or dental clinic among adults aged >=18 years,%,Age-adjusted prevalence,64.7,,,62.5,66.8,202906,15001,PREVENT,DENTAL,AgeAdjPrv,Dental Visit,POINT (-155.5024434 19.5977643),1656
2021,HI,Hawaii,Honolulu,BRFSS,Prevention,Taking medicine for high blood pressure control among adults aged >=18 years with high blood pressure,%,Crude prevalence,77.2,,,74.7,79.5,1000890,15003,PREVENT,BPMED,CrdPrv,Taking BP Medication,POINT (-158.201974 21.4613654),1657
2021,HI,Hawaii,Maui,BRFSS,Health Risk Behaviors,No leisure-time physical activity among adults aged >=18 years,%,Crude prevalence,19.1,,,16.2,22.3,164221,15009,RISKBEH,LPA,CrdPrv,Physical Inactivity,POINT (-156.6015502 20.8559308),209
2021,HI,Hawaii,Hawaii,BRFSS,Prevention,Visits to doctor for routine checkup within the past year among adults aged >=18 years,%,Age-adjusted prevalence,67.2,,,62.7,71.5,202906,15001,PREVENT,CHECKUP,AgeAdjPrv,Annual Checkup,POINT (-155.5024434 19.5977643),1656
2021,HI,Hawaii,Kalawao,BRFSS,Health Outcomes,Stroke among adults aged >=18 years,%,Crude prevalence,6.1,,,5.1,7.2,82,15005,HLTHOUT,STROKE,CrdPrv,Stroke,POINT (-156.9740097 21.2187644),
2021,HI,Hawaii,Honolulu,BRFSS,Disability,Vision disability among adults aged >=18 years,%,Crude prevalence,4.1,,,3.6,4.6,1000890,15003,DISABLT,VISION,CrdPrv,Vision Disability,POINT (-158.201974 21.4613654),1657
2021,HI,Hawaii,Kalawao,BRFSS,Prevention,Visits to doctor for routine checkup within the past year among adults aged >=18 years,%,Age-adjusted prevalence,54.7,,,51.3,58.1,82,15005,PREVENT,CHECKUP,AgeAdjPrv,Annual Checkup,POINT (-156.9740097 21.2187644),
2021,HI,Hawaii,Honolulu,BRFSS,Health Outcomes,Arthritis among adults aged >=18 years,%,Age-adjusted prevalence,17.4,,,15.3,19.5,1000890,15003,HLTHOUT,ARTHRITIS,AgeAdjPrv,Arthritis,POINT (-158.201974 21.4613654),1657
2021,HI,Hawaii,Kauai,BRFSS,Health Outcomes,Chronic obstructive pulmonary disease among adults aged >=18 years,%,Crude prevalence,5.6,,,4.7,6.5,73454,15007,HLTHOUT,COPD,CrdPrv,COPD,POINT (-159.7059653 22.0120383),1658
2021,HI,Hawaii,Maui,BRFSS,Health Outcomes,Arthritis among adults aged >=18 years,%,Age-adjusted prevalence,17.7,,,15.5,19.9,164221,15009,HLTHOUT,ARTHRITIS,AgeAdjPrv,Arthritis,POINT (-156.6015502 20.8559308),209
2021,HI,Hawaii,Maui,BRFSS,Health Outcomes,High cholesterol among adults aged >=18 years who have been screened in the past 5 years,%,Crude prevalence,32.4,,,29.1,35.7,164221,15009,HLTHOUT,HIGHCHOL,CrdPrv,High Cholesterol,POINT (-156.6015502 20.8559308),209
2020,HI,Hawaii,Maui,BRFSS,Health Risk Behaviors,Sleeping less than 7 hours among adults aged >=18 years,%,Age-adjusted prevalence,35.6,,,34.7,36.6,164221,15009,RISKBEH,SLEEP,AgeAdjPrv,Sleep <7 hours,POINT (-156.6015502 20.8559308),209
2021,HI,Hawaii,Hawaii,BRFSS,Disability,Any disability among adults aged >=18 years,%,Age-adjusted prevalence,25.7,,,22.7,28.8,202906,15001,DISABLT,DISABILITY,AgeAdjPrv,Any Disability,POINT (-155.5024434 19.5977643),1656
2021,HI,Hawaii,Kalawao,BRFSS,Prevention,Taking medicine for high blood pressure control among adults aged >=18 years with high blood pressure,%,Age-adjusted prevalence,50.7,,,46.9,54.5,82,15005,PREVENT,BPMED,AgeAdjPrv,Taking BP Medication,POINT (-156.9740097 21.2187644),
2021,HI,Hawaii,Hawaii,BRFSS,Health Risk Behaviors,Binge drinking among adults aged >=18 years,%,Crude prevalence,18,,,15.7,20.5,202906,15001,RISKBEH,BINGE,CrdPrv,Binge Drinking,POINT (-155.5024434 19.5977643),1656
2021,HI,Hawaii,Maui,BRFSS,Health Outcomes,High blood pressure among adults aged >=18 years,%,Age-adjusted prevalence,22.2,,,19.7,24.8,164221,15009,HLTHOUT,BPHIGH,AgeAdjPrv,High Blood Pressure,POINT (-156.6015502 20.8559308),209
2020,HI,Hawaii,Hawaii,BRFSS,Prevention,Cervical cancer screening among adult women aged 21-65 years,%,Crude prevalence,80.2,,,78.6,81.6,202906,15001,PREVENT,CERVICAL,CrdPrv,Cervical Cancer Screening,POINT (-155.5024434 19.5977643),1656
2021,HI,Hawaii,Kauai,BRFSS,Health Status,Physical health not good for >=14 days among adults aged >=18 years,%,Crude prevalence,10.1,,,8.8,11.4,73454,15007,HLTHSTAT,PHLTH,CrdPrv,Physical Health,POINT (-159.7059653 22.0120383),1658
2021,HI,Hawaii,Maui,BRFSS,Health Outcomes,Diagnosed diabetes among adults aged >=18 years,%,Age-adjusted prevalence,7.9,,,6.8,9.0,164221,15009,HLTHOUT,DIABETES,AgeAdjPrv,Diabetes,POINT (-156.6015502 20.8559308),209
2021,HI,Hawaii,Kalawao,BRFSS,Health Status,Mental health not good for >=14 days among adults aged >=18 years,%,Crude prevalence,9.9,,,8.6,11.3,82,15005,HLTHSTAT,MHLTH,CrdPrv,Mental Health,POINT (-156.9740097 21.2187644),
2021,HI,Hawaii,Kalawao,BRFSS,Health Risk Behaviors,Binge drinking among adults aged >=18 years,%,Crude prevalence,12.9,,,11.1,14.9,82,15005,RISKBEH,BINGE,CrdPrv,Binge Drinking,POINT (-156.9740097 21.2187644),
2020,HI,Hawaii,Maui,BRFSS,Prevention,"Fecal occult blood test, sigmoidoscopy, or colonoscopy among adults aged 50-75 years",%,Crude prevalence,75,,,73.5,76.5,164221,15009,PREVENT,COLON_SCREEN,CrdPrv,Colorectal Cancer Screening,POINT (-156.6015502 20.8559308),209
2020,HI,Hawaii,Kauai,BRFSS,Prevention,"Older adult women aged >=65 years who are up to date on a core set of clinical preventive services: Flu shot past year, PPV shot ever, Colorectal cancer screening, and Mammogram past 2 years",%,Age-adjusted prevalence,30.1,,,26.4,33.9,73454,15007,PREVENT,COREW,AgeAdjPrv,Core preventive services for older women,POINT (-159.7059653 22.0120383),1658
2020,HI,Hawaii,Honolulu,BRFSS,Prevention,"Fecal occult blood test, sigmoidoscopy, or colonoscopy among adults aged 50-75 years",%,Age-adjusted prevalence,71.8,,,69.6,73.7,1000890,15003,PREVENT,COLON_SCREEN,AgeAdjPrv,Colorectal Cancer Screening,POINT (-158.201974 21.4613654),1657
2021,HI,Hawaii,Honolulu,BRFSS,Health Status,Physical health not good for >=14 days among adults aged >=18 years,%,Age-adjusted prevalence,8,,,7.0,9.1,1000890,15003,HLTHSTAT,PHLTH,AgeAdjPrv,Physical Health,POINT (-158.201974 21.4613654),1657
2021,HI,Hawaii,Kauai,BRFSS,Prevention,Taking medicine for high blood pressure control among adults aged >=18 years with high blood pressure,%,Age-adjusted prevalence,56.7,,,52.4,61.0,73454,15007,PREVENT,BPMED,AgeAdjPrv,Taking BP Medication,POINT (-159.7059653 22.0120383),1658
2020,HI,Hawaii,Kalawao,BRFSS,Health Risk Behaviors,Sleeping less than 7 hours among adults aged >=18 years,%,Crude prevalence,32.1,,,30.2,33.8,82,15005,RISKBEH,SLEEP,CrdPrv,Sleep <7 hours,POINT (-156.9740097 21.2187644),
2021,HI,Hawaii,Maui,BRFSS,Health Status,Physical health not good for >=14 days among adults aged >=18 years,%,Age-adjusted prevalence,7.9,,,6.9,9.0,164221,15009,HLTHSTAT,PHLTH,AgeAdjPrv,Physical Health,POINT (-156.6015502 20.8559308),209
2021,HI,Hawaii,Kauai,BRFSS,Health Outcomes,High cholesterol among adults aged >=18 years who have been screened in the past 5 years,%,Crude prevalence,33.6,,,30.3,37.0,73454,15007,HLTHOUT,HIGHCHOL,CrdPrv,High Cholesterol,POINT (-159.7059653 22.0120383),1658
2021,HI,Hawaii,Hawaii,BRFSS,Disability,Vision disability among adults aged >=18 years,%,Age-adjusted prevalence,4.9,,,4.4,5.5,202906,15001,DISABLT,VISION,AgeAdjPrv,Vision Disability,POINT (-155.5024434 19.5977643),1656
2021,HI,Hawaii,Honolulu,BRFSS,Health Outcomes,Stroke among adults aged >=18 years,%,Crude prevalence,3,,,2.6,3.3,1000890,15003,HLTHOUT,STROKE,CrdPrv,Stroke,POINT (-158.201974 21.4613654),1657
2020,HI,Hawaii,Kauai,BRFSS,Prevention,"Fecal occult blood test, sigmoidoscopy, or colonoscopy among adults aged 50-75 years",%,Crude prevalence,74.1,,,72.5,75.6,73454,15007,PREVENT,COLON_SCREEN,CrdPrv,Colorectal Cancer Screening,POINT (-159.7059653 22.0120383),1658
2021,HI,Hawaii,Kalawao,BRFSS,Disability,Any disability among adults aged >=18 years,%,Age-adjusted prevalence,21.5,,,18.5,24.7,82,15005,DISABLT,DISABILITY,AgeAdjPrv,Any Disability,POINT (-156.9740097 21.2187644),
2020,HI,Hawaii,Kauai,BRFSS,Prevention,Cervical cancer screening among adult women aged 21-65 years,%,Crude prevalence,79.6,,,78.0,81.3,73454,15007,PREVENT,CERVICAL,CrdPrv,Cervical Cancer Screening,POINT (-159.7059653 22.0120383),1658
2021,HI,Hawaii,Maui,BRFSS,Health Status,Mental health not good for >=14 days among adults aged >=18 years,%,Crude prevalence,12.4,,,10.9,14.0,164221,15009,HLTHSTAT,MHLTH,CrdPrv,Mental Health,POINT (-156.6015502 20.8559308),209
2020,HI,Hawaii,Honolulu,BRFSS,Prevention,"Older adult women aged >=65 years who are up to date on a core set of clinical preventive services: Flu shot past year, PPV shot ever, Colorectal cancer screening, and Mammogram past 2 years",%,Age-adjusted prevalence,34.8,,,30.8,39.4,1000890,15003,PREVENT,COREW,AgeAdjPrv,Core preventive services for older women,POINT (-158.201974 21.4613654),1657
2021,HI,Hawaii,Kalawao,BRFSS,Disability,Vision disability among adults aged >=18 years,%,Age-adjusted prevalence,4.7,,,4.0,5.5,82,15005,DISABLT,VISION,AgeAdjPrv,Vision Disability,POINT (-156.9740097 21.2187644),
2021,HI,Hawaii,Honolulu,BRFSS,Health Status,Mental health not good for >=14 days among adults aged >=18 years,%,Age-adjusted prevalence,12.9,,,11.5,14.5,1000890,15003,HLTHSTAT,MHLTH,AgeAdjPrv,Mental Health,POINT (-158.201974 21.4613654),1657
2021,HI,Hawaii,Kauai,BRFSS,Disability,Any disability among adults aged >=18 years,%,Age-adjusted prevalence,23.2,,,20.3,26.3,73454,15007,DISABLT,DISABILITY,AgeAdjPrv,Any Disability,POINT (-159.7059653 22.0120383),1658
2021,HI,Hawaii,Kauai,BRFSS,Prevention,Cholesterol screening among adults aged >=18 years,%,Age-adjusted prevalence,76,,,72.7,79.2,73454,15007,PREVENT,CHOLSCREEN,AgeAdjPrv,Cholesterol Screening,POINT (-159.7059653 22.0120383),1658
2021,HI,Hawaii,Honolulu,BRFSS,Disability,Any disability among adults aged >=18 years,%,Crude prevalence,22.9,,,20.1,25.8,1000890,15003,DISABLT,DISABILITY,CrdPrv,Any Disability,POINT (-158.201974 21.4613654),1657
2021,HI,Hawaii,Hawaii,BRFSS,Prevention,Taking medicine for high blood pressure control among adults aged >=18 years with high blood pressure,%,Age-adjusted prevalence,54.7,,,50.5,58.7,202906,15001,PREVENT,BPMED,AgeAdjPrv,Taking BP Medication,POINT (-155.5024434 19.5977643),1656
2021,HI,Hawaii,Kauai,BRFSS,Health Status,Physical health not good for >=14 days among adults aged >=18 years,%,Age-adjusted prevalence,9.2,,,8.0,10.4,73454,15007,HLTHSTAT,PHLTH,AgeAdjPrv,Physical Health,POINT (-159.7059653 22.0120383),1658
2021,HI,Hawaii,Kalawao,BRFSS,Health Risk Behaviors,Binge drinking among adults aged >=18 years,%,Age-adjusted prevalence,15,,,13.0,17.1,82,15005,RISKBEH,BINGE,AgeAdjPrv,Binge Drinking,POINT (-156.9740097 21.2187644),
2021,HI,Hawaii,Kalawao,BRFSS,Disability,Mobility disability among adults aged >=18 years,%,Age-adjusted prevalence,11.2,,,9.5,12.9,82,15005,DISABLT,MOBILITY,AgeAdjPrv,Mobility Disability,POINT (-156.9740097 21.2187644),
2021,HI,Hawaii,Hawaii,BRFSS,Disability,Mobility disability among adults aged >=18 years,%,Crude prevalence,13.2,,,11.6,15.0,202906,15001,DISABLT,MOBILITY,CrdPrv,Mobility Disability,POINT (-155.5024434 19.5977643),1656
2021,HI,Hawaii,Maui,BRFSS,Health Outcomes,Cancer (excluding skin cancer) among adults aged >=18 years,%,Age-adjusted prevalence,5.3,,,4.8,5.8,164221,15009,HLTHOUT,CANCER,AgeAdjPrv,Cancer (except skin),POINT (-156.6015502 20.8559308),209
2021,HI,Hawaii,Hawaii,BRFSS,Health Outcomes,Chronic obstructive pulmonary disease among adults aged >=18 years,%,Crude prevalence,6.1,,,5.3,7.1,202906,15001,HLTHOUT,COPD,CrdPrv,COPD,POINT (-155.5024434 19.5977643),1656
2021,HI,Hawaii,Kalawao,BRFSS,Health Risk Behaviors,No leisure-time physical activity among adults aged >=18 years,%,Crude prevalence,24,,,19.7,28.3,82,15005,RISKBEH,LPA,CrdPrv,Physical Inactivity,POINT (-156.9740097 21.2187644),
2021,HI,Hawaii,Maui,BRFSS,Health Status,Fair or poor self-rated health status among adults aged >=18 years,%,Age-adjusted prevalence,13,,,11.3,14.8,164221,15009,HLTHSTAT,GHLTH,AgeAdjPrv,General Health,POINT (-156.6015502 20.8559308),209
2020,HI,Hawaii,Honolulu,BRFSS,Health Risk Behaviors,Sleeping less than 7 hours among adults aged >=18 years,%,Age-adjusted prevalence,42.3,,,41.2,43.3,1000890,15003,RISKBEH,SLEEP,AgeAdjPrv,Sleep <7 hours,POINT (-158.201974 21.4613654),1657
2021,HI,Hawaii,Maui,BRFSS,Health Outcomes,Depression among adults aged >=18 years,%,Crude prevalence,12.6,,,10.6,14.7,164221,15009,HLTHOUT,DEPRESSION,CrdPrv,Depression,POINT (-156.6015502 20.8559308),209
2021,HI,Hawaii,Kalawao,BRFSS,Health Outcomes,Coronary heart disease among adults aged >=18 years,%,Crude prevalence,11,,,9.3,12.7,82,15005,HLTHOUT,CHD,CrdPrv,Coronary Heart Disease,POINT (-156.9740097 21.2187644),
2021,HI,Hawaii,Honolulu,BRFSS,Prevention,Cholesterol screening among adults aged >=18 years,%,Age-adjusted prevalence,80,,,77.2,82.5,1000890,15003,PREVENT,CHOLSCREEN,AgeAdjPrv,Cholesterol Screening,POINT (-158.201974 21.4613654),1657
2021,HI,Hawaii,Kauai,BRFSS,Disability,Mobility disability among adults aged >=18 years,%,Crude prevalence,11.6,,,10.0,13.2,73454,15007,DISABLT,MOBILITY,CrdPrv,Mobility Disability,POINT (-159.7059653 22.0120383),1658
2021,HI,Hawaii,Kauai,BRFSS,Health Outcomes,Coronary heart disease among adults aged >=18 years,%,Age-adjusted prevalence,4.6,,,4.0,5.1,73454,15007,HLTHOUT,CHD,AgeAdjPrv,Coronary Heart Disease,POINT (-159.7059653 22.0120383),1658
2021,HI,Hawaii,Honolulu,BRFSS,Disability,Independent living disability among adults aged >=18 years,%,Crude prevalence,5.3,,,4.6,6.0,1000890,15003,DISABLT,INDEPLIVE,CrdPrv,Independent Living Disability,POINT (-158.201974 21.4613654),1657
2021,HI,Hawaii,Kauai,BRFSS,Health Outcomes,Arthritis among adults aged >=18 years,%,Crude prevalence,24.5,,,21.7,27.4,73454,15007,HLTHOUT,ARTHRITIS,CrdPrv,Arthritis,POINT (-159.7059653 22.0120383),1658
2021,HI,Hawaii,Honolulu,BRFSS,Health Outcomes,Depression among adults aged >=18 years,%,Crude prevalence,11.7,,,9.9,13.5,1000890,15003,HLTHOUT,DEPRESSION,CrdPrv,Depression,POINT (-158.201974 21.4613654),1657
2021,HI,Hawaii,Kauai,BRFSS,Health Risk Behaviors,No leisure-time physical activity among adults aged >=18 years,%,Age-adjusted prevalence,19.4,,,16.5,22.6,73454,15007,RISKBEH,LPA,AgeAdjPrv,Physical Inactivity,POINT (-159.7059653 22.0120383),1658
2021,HI,Hawaii,Maui,BRFSS,Health Outcomes,Obesity among adults aged >=18 years,%,Crude prevalence,24.2,,,20.2,28.3,164221,15009,HLTHOUT,OBESITY,CrdPrv,Obesity,POINT (-156.6015502 20.8559308),209
2020,HI,Hawaii,Kauai,BRFSS,Prevention,Visits to dentist or dental clinic among adults aged >=18 years,%,Crude prevalence,72.1,,,70.1,73.8,73454,15007,PREVENT,DENTAL,CrdPrv,Dental Visit,POINT (-159.7059653 22.0120383),1658
2021,HI,Hawaii,Maui,BRFSS,Prevention,Cholesterol screening among adults aged >=18 years,%,Age-adjusted prevalence,77.6,,,74.4,80.4,164221,15009,PREVENT,CHOLSCREEN,AgeAdjPrv,Cholesterol Screening,POINT (-156.6015502 20.8559308),209
2021,HI,Hawaii,Kalawao,BRFSS,Health Outcomes,Depression among adults aged >=18 years,%,Age-adjusted prevalence,9.4,,,7.8,11.0,82,15005,HLTHOUT,DEPRESSION,AgeAdjPrv,Depression,POINT (-156.9740097 21.2187644),
2021,HI,Hawaii,Kalawao,BRFSS,Health Outcomes,Chronic obstructive pulmonary disease among adults aged >=18 years,%,Age-adjusted prevalence,4.7,,,3.9,5.7,82,15005,HLTHOUT,COPD,AgeAdjPrv,COPD,POINT (-156.9740097 21.2187644),
2020,HI,Hawaii,Honolulu,BRFSS,Prevention,Visits to dentist or dental clinic among adults aged >=18 years,%,Age-adjusted prevalence,73.9,,,72.0,75.8,1000890,15003,PREVENT,DENTAL,AgeAdjPrv,Dental Visit,POINT (-158.201974 21.4613654),1657
2021,HI,Hawaii,Hawaii,BRFSS,Health Outcomes,Depression among adults aged >=18 years,%,Crude prevalence,16.2,,,13.9,18.7,202906,15001,HLTHOUT,DEPRESSION,CrdPrv,Depression,POINT (-155.5024434 19.5977643),1656
2021,HI,Hawaii,Honolulu,BRFSS,Health Risk Behaviors,No leisure-time physical activity among adults aged >=18 years,%,Age-adjusted prevalence,19.9,,,16.9,23.0,1000890,15003,RISKBEH,LPA,AgeAdjPrv,Physical Inactivity,POINT (-158.201974 21.4613654),1657
2020,HI,Hawaii,Maui,BRFSS,Prevention,"Older adult women aged >=65 years who are up to date on a core set of clinical preventive services: Flu shot past year, PPV shot ever, Colorectal cancer screening, and Mammogram past 2 years",%,Age-adjusted prevalence,32.4,,,28.6,36.2,164221,15009,PREVENT,COREW,AgeAdjPrv,Core preventive services for older women,POINT (-156.6015502 20.8559308),209
2021,HI,Hawaii,Kalawao,BRFSS,Health Status,Physical health not good for >=14 days among adults aged >=18 years,%,Age-adjusted prevalence,7.9,,,6.7,9.1,82,15005,HLTHSTAT,PHLTH,AgeAdjPrv,Physical Health,POINT (-156.9740097 21.2187644),
2021,HI,Hawaii,Hawaii,BRFSS,Health Status,Physical health not good for >=14 days among adults aged >=18 years,%,Age-adjusted prevalence,9.8,,,8.6,11.1,202906,15001,HLTHSTAT,PHLTH,AgeAdjPrv,Physical Health,POINT (-155.5024434 19.5977643),1656
2020,HI,Hawaii,Maui,BRFSS,Health Outcomes,All teeth lost among adults aged >=65 years,%,Crude prevalence,7,,,5.4,8.9,164221,15009,HLTHOUT,TEETHLOST,CrdPrv,All Teeth Lost,POINT (-156.6015502 20.8559308),209
2021,HI,Hawaii,Hawaii,BRFSS,Health Outcomes,High cholesterol among adults aged >=18 years who have been screened in the past 5 years,%,Crude prevalence,34.5,,,31.2,37.9,202906,15001,HLTHOUT,HIGHCHOL,CrdPrv,High Cholesterol,POINT (-155.5024434 19.5977643),1656
2020,HI,Hawaii,Kalawao,BRFSS,Prevention,"Older adult women aged >=65 years who are up to date on a core set of clinical preventive services: Flu shot past year, PPV shot ever, Colorectal cancer screening, and Mammogram past 2 years",%,Age-adjusted prevalence,36.6,,,30.7,42.8,82,15005,PREVENT,COREW,AgeAdjPrv,Core preventive services for older women,POINT (-156.9740097 21.2187644),
2021,HI,Hawaii,Kauai,BRFSS,Disability,Vision disability among adults aged >=18 years,%,Age-adjusted prevalence,4.3,,,3.8,4.9,73454,15007,DISABLT,VISION,AgeAdjPrv,Vision Disability,POINT (-159.7059653 22.0120383),1658
2021,HI,Hawaii,Kalawao,BRFSS,Health Outcomes,Current asthma among adults aged >=18 years,%,Crude prevalence,9,,,7.9,10.0,82,15005,HLTHOUT,CASTHMA,CrdPrv,Current Asthma,POINT (-156.9740097 21.2187644),
2021,HI,Hawaii,Kalawao,BRFSS,Disability,Independent living disability among adults aged >=18 years,%,Crude prevalence,9,,,7.2,11.0,82,15005,DISABLT,INDEPLIVE,CrdPrv,Independent Living Disability,POINT (-156.9740097 21.2187644),
2021,HI,Hawaii,Maui,BRFSS,Health Outcomes,Coronary heart disease among adults aged >=18 years,%,Crude prevalence,5.8,,,5.1,6.5,164221,15009,HLTHOUT,CHD,CrdPrv,Coronary Heart Disease,POINT (-156.6015502 20.8559308),209
2021,HI,Hawaii,Kalawao,BRFSS,Health Outcomes,Arthritis among adults aged >=18 years,%,Age-adjusted prevalence,19,,,16.8,21.4,82,15005,HLTHOUT,ARTHRITIS,AgeAdjPrv,Arthritis,POINT (-156.9740097 21.2187644),
2020,HI,Hawaii,Kauai,BRFSS,Health Outcomes,All teeth lost among adults aged >=65 years,%,Crude prevalence,6.5,,,4.9,8.3,73454,15007,HLTHOUT,TEETHLOST,CrdPrv,All Teeth Lost,POINT (-159.7059653 22.0120383),1658
2021,HI,Hawaii,Honolulu,BRFSS,Health Risk Behaviors,Binge drinking among adults aged >=18 years,%,Crude prevalence,16.6,,,14.6,18.8,1000890,15003,RISKBEH,BINGE,CrdPrv,Binge Drinking,POINT (-158.201974 21.4613654),1657
2020,HI,Hawaii,Maui,BRFSS,Prevention,Cervical cancer screening among adult women aged 21-65 years,%,Crude prevalence,77.2,,,75.5,79.0,164221,15009,PREVENT,CERVICAL,CrdPrv,Cervical Cancer Screening,POINT (-156.6015502 20.8559308),209
2021,HI,Hawaii,Hawaii,BRFSS,Health Outcomes,Current asthma among adults aged >=18 years,%,Age-adjusted prevalence,10.1,,,9.0,11.3,202906,15001,HLTHOUT,CASTHMA,AgeAdjPrv,Current Asthma,POINT (-155.5024434 19.5977643),1656
2021,HI,Hawaii,Hawaii,BRFSS,Health Outcomes,Chronic kidney disease among adults aged >=18 years,%,Age-adjusted prevalence,2.8,,,2.6,3.1,202906,15001,HLTHOUT,KIDNEY,AgeAdjPrv,Chronic Kidney Disease,POINT (-155.5024434 19.5977643),1656
2020,HI,Hawaii,Hawaii,BRFSS,Prevention,"Older adult women aged >=65 years who are up to date on a core set of clinical preventive services: Flu shot past year, PPV shot ever, Colorectal cancer screening, and Mammogram past 2 years",%,Age-adjusted prevalence,34.4,,,30.7,38.1,202906,15001,PREVENT,COREW,AgeAdjPrv,Core preventive services for older women,POINT (-155.5024434 19.5977643),1656
2021,HI,Hawaii,Kauai,BRFSS,Health Outcomes,Diagnosed diabetes among adults aged >=18 years,%,Crude prevalence,10.6,,,9.2,12.1,73454,15007,HLTHOUT,DIABETES,CrdPrv,Diabetes,POINT (-159.7059653 22.0120383),1658
2021,HI,Hawaii,Honolulu,BRFSS,Health Outcomes,Coronary heart disease among adults aged >=18 years,%,Crude prevalence,4.7,,,4.2,5.3,1000890,15003,HLTHOUT,CHD,CrdPrv,Coronary Heart Disease,POINT (-158.201974 21.4613654),1657
2021,HI,Hawaii,Kauai,BRFSS,Disability,Independent living disability among adults aged >=18 years,%,Age-adjusted prevalence,6.1,,,5.3,7.0,73454,15007,DISABLT,INDEPLIVE,AgeAdjPrv,Independent Living Disability,POINT (-159.7059653 22.0120383),1658
2021,HI,Hawaii,Kauai,BRFSS,Health Outcomes,High blood pressure among adults aged >=18 years,%,Crude prevalence,30,,,26.9,33.3,73454,15007,HLTHOUT,BPHIGH,CrdPrv,High Blood Pressure,POINT (-159.7059653 22.0120383),1658
2021,HI,Hawaii,Maui,BRFSS,Disability,Independent living disability among adults aged >=18 years,%,Crude prevalence,6,,,5.2,6.8,164221,15009,DISABLT,INDEPLIVE,CrdPrv,Independent Living Disability,POINT (-156.6015502 20.8559308),209
2021,HI,Hawaii,Kauai,BRFSS,Health Status,Mental health not good for >=14 days among adults aged >=18 years,%,Age-adjusted prevalence,14.4,,,12.6,16.2,73454,15007,HLTHSTAT,MHLTH,AgeAdjPrv,Mental Health,POINT (-159.7059653 22.0120383),1658
2020,HI,Hawaii,Hawaii,BRFSS,Prevention,"Older adult men aged >=65 years who are up to date on a core set of clinical preventive services: Flu shot past year, PPV shot ever, Colorectal cancer screening",%,Age-adjusted prevalence,36.4,,,32.3,40.6,202906,15001,PREVENT,COREM,AgeAdjPrv,Core preventive services for older men,POINT (-155.5024434 19.5977643),1656
2021,HI,Hawaii,Honolulu,BRFSS,Health Outcomes,Chronic obstructive pulmonary disease among adults aged >=18 years,%,Crude prevalence,4.1,,,3.5,4.7,1000890,15003,HLTHOUT,COPD,CrdPrv,COPD,POINT (-158.201974 21.4613654),1657
2021,HI,Hawaii,Honolulu,BRFSS,Disability,Mobility disability among adults aged >=18 years,%,Crude prevalence,9.8,,,8.5,11.2,1000890,15003,DISABLT,MOBILITY,CrdPrv,Mobility Disability,POINT (-158.201974 21.4613654),1657
2020,HI,Hawaii,Kauai,BRFSS,Prevention,"Older adult men aged >=65 years who are up to date on a core set of clinical preventive services: Flu shot past year, PPV shot ever, Colorectal cancer screening",%,Crude prevalence,30.3,,,26.2,34.5,73454,15007,PREVENT,COREM,CrdPrv,Core preventive services for older men,POINT (-159.7059653 22.0120383),1658
2021,HI,Hawaii,Hawaii,BRFSS,Prevention,Current lack of health insurance among adults aged 18-64 years,%,Crude prevalence,7,,,5.7,8.4,202906,15001,PREVENT,ACCESS2,CrdPrv,Health Insurance,POINT (-155.5024434 19.5977643),1656
2021,HI,Hawaii,Honolulu,BRFSS,Prevention,Taking medicine for high blood pressure control among adults aged >=18 years with high blood pressure,%,Age-adjusted prevalence,57.1,,,53.3,60.8,1000890,15003,PREVENT,BPMED,AgeAdjPrv,Taking BP Medication,POINT (-158.201974 21.4613654),1657
2021,HI,Hawaii,Kauai,BRFSS,Health Outcomes,Chronic obstructive pulmonary disease among adults aged >=18 years,%,Age-adjusted prevalence,4.6,,,3.9,5.3,73454,15007,HLTHOUT,COPD,AgeAdjPrv,COPD,POINT (-159.7059653 22.0120383),1658
2020,HI,Hawaii,Maui,BRFSS,Prevention,Mammography use among women aged 50-74 years,%,Age-adjusted prevalence,75.6,,,73.4,77.8,164221,15009,PREVENT,MAMMOUSE,AgeAdjPrv,Mammography,POINT (-156.6015502 20.8559308),209
2021,HI,Hawaii,Kauai,BRFSS,Health Status,Fair or poor self-rated health status among adults aged >=18 years,%,Crude prevalence,14.9,,,12.9,17.1,73454,15007,HLTHSTAT,GHLTH,CrdPrv,General Health,POINT (-159.7059653 22.0120383),1658
2021,HI,Hawaii,Hawaii,BRFSS,Health Outcomes,Obesity among adults aged >=18 years,%,Age-adjusted prevalence,27.3,,,23.0,32.0,202906,15001,HLTHOUT,OBESITY,AgeAdjPrv,Obesity,POINT (-155.5024434 19.5977643),1656
2020,HI,Hawaii,Kalawao,BRFSS,Prevention,Visits to dentist or dental clinic among adults aged >=18 years,%,Age-adjusted prevalence,58.5,,,55.8,61.0,82,15005,PREVENT,DENTAL,AgeAdjPrv,Dental Visit,POINT (-156.9740097 21.2187644),
2021,HI,Hawaii,Kauai,BRFSS,Health Outcomes,Cancer (excluding skin cancer) among adults aged >=18 years,%,Crude prevalence,6.8,,,6.2,7.5,73454,15007,HLTHOUT,CANCER,CrdPrv,Cancer (except skin),POINT (-159.7059653 22.0120383),1658
2021,HI,Hawaii,Maui,BRFSS,Health Outcomes,Stroke among adults aged >=18 years,%,Crude prevalence,3.2,,,2.9,3.6,164221,15009,HLTHOUT,STROKE,CrdPrv,Stroke,POINT (-156.6015502 20.8559308),209
2021,HI,Hawaii,Kalawao,BRFSS,Health Outcomes,Stroke among adults aged >=18 years,%,Age-adjusted prevalence,3.1,,,2.7,3.5,82,15005,HLTHOUT,STROKE,AgeAdjPrv,Stroke,POINT (-156.9740097 21.2187644),
2020,HI,Hawaii,Kalawao,BRFSS,Health Risk Behaviors,Sleeping less than 7 hours among adults aged >=18 years,%,Age-adjusted prevalence,28.7,,,27.1,30.3,82,15005,RISKBEH,SLEEP,AgeAdjPrv,Sleep <7 hours,POINT (-156.9740097 21.2187644),
2021,HI,Hawaii,Hawaii,BRFSS,Disability,Hearing disability among adults aged >=18 years,%,Crude prevalence,7.9,,,7.1,8.8,202906,15001,DISABLT,HEARING,CrdPrv,Hearing Disability,POINT (-155.5024434 19.5977643),1656
2021,HI,Hawaii,Hawaii,BRFSS,Disability,Vision disability among adults aged >=18 years,%,Crude prevalence,5.3,,,4.8,6.0,202906,15001,DISABLT,VISION,CrdPrv,Vision Disability,POINT (-155.5024434 19.5977643),1656
2021,HI,Hawaii,Maui,BRFSS,Health Risk Behaviors,No leisure-time physical activity among adults aged >=18 years,%,Age-adjusted prevalence,18,,,15.2,21.0,164221,15009,RISKBEH,LPA,AgeAdjPrv,Physical Inactivity,POINT (-156.6015502 20.8559308),209
2020,HI,Hawaii,Honolulu,BRFSS,Prevention,"Older adult women aged >=65 years who are up to date on a core set of clinical preventive services: Flu shot past year, PPV shot ever, Colorectal cancer screening, and Mammogram past 2 years",%,Crude prevalence,34,,,29.9,38.6,1000890,15003,PREVENT,COREW,CrdPrv,Core preventive services for older women,POINT (-158.201974 21.4613654),1657
2021,HI,Hawaii,Maui,BRFSS,Disability,Cognitive disability among adults ages >=18 years,%,Age-adjusted prevalence,10.7,,,9.3,12.2,164221,15009,DISABLT,COGNITION,AgeAdjPrv,Cognitive Disability,POINT (-156.6015502 20.8559308),209
2021,HI,Hawaii,Maui,BRFSS,Health Outcomes,Diagnosed diabetes among adults aged >=18 years,%,Crude prevalence,9.8,,,8.5,11.2,164221,15009,HLTHOUT,DIABETES,CrdPrv,Diabetes,POINT (-156.6015502 20.8559308),209
2020,HI,Hawaii,Hawaii,BRFSS,Prevention,"Fecal occult blood test, sigmoidoscopy, or colonoscopy among adults aged 50-75 years",%,Age-adjusted prevalence,69.3,,,67.6,71.1,202906,15001,PREVENT,COLON_SCREEN,AgeAdjPrv,Colorectal Cancer Screening,POINT (-155.5024434 19.5977643),1656
2021,HI,Hawaii,Kauai,BRFSS,Prevention,Cholesterol screening among adults aged >=18 years,%,Crude prevalence,80.2,,,77.5,82.9,73454,15007,PREVENT,CHOLSCREEN,CrdPrv,Cholesterol Screening,POINT (-159.7059653 22.0120383),1658
2021,HI,Hawaii,Honolulu,BRFSS,Health Status,Physical health not good for >=14 days among adults aged >=18 years,%,Crude prevalence,8.4,,,7.4,9.5,1000890,15003,HLTHSTAT,PHLTH,CrdPrv,Physical Health,POINT (-158.201974 21.4613654),1657
2020,HI,Hawaii,Kalawao,BRFSS,Prevention,"Fecal occult blood test, sigmoidoscopy, or colonoscopy among adults aged 50-75 years",%,Age-adjusted prevalence,73.4,,,71.2,75.5,82,15005,PREVENT,COLON_SCREEN,AgeAdjPrv,Colorectal Cancer Screening,POINT (-156.9740097 21.2187644),
2021,HI,Hawaii,Honolulu,BRFSS,Disability,Any disability among adults aged >=18 years,%,Age-adjusted prevalence,21.5,,,18.8,24.3,1000890,15003,DISABLT,DISABILITY,AgeAdjPrv,Any Disability,POINT (-158.201974 21.4613654),1657
2021,HI,Hawaii,Honolulu,BRFSS,Health Outcomes,High cholesterol among adults aged >=18 years who have been screened in the past 5 years,%,Age-adjusted prevalence,29.7,,,26.6,32.8,1000890,15003,HLTHOUT,HIGHCHOL,AgeAdjPrv,High Cholesterol,POINT (-158.201974 21.4613654),1657
2021,HI,Hawaii,Kauai,BRFSS,Health Outcomes,High cholesterol among adults aged >=18 years who have been screened in the past 5 years,%,Age-adjusted prevalence,26.2,,,23.2,29.5,73454,15007,HLTHOUT,HIGHCHOL,AgeAdjPrv,High Cholesterol,POINT (-159.7059653 22.0120383),1658
2021,HI,Hawaii,Hawaii,BRFSS,Health Risk Behaviors,Binge drinking among adults aged >=18 years,%,Age-adjusted prevalence,21,,,18.4,23.8,202906,15001,RISKBEH,BINGE,AgeAdjPrv,Binge Drinking,POINT (-155.5024434 19.5977643),1656
2021,HI,Hawaii,Kalawao,BRFSS,Prevention,Cholesterol screening among adults aged >=18 years,%,Crude prevalence,88.5,,,86.3,90.5,82,15005,PREVENT,CHOLSCREEN,CrdPrv,Cholesterol Screening,POINT (-156.9740097 21.2187644),
2020,HI,Hawaii,Kauai,BRFSS,Prevention,"Fecal occult blood test, sigmoidoscopy, or colonoscopy among adults aged 50-75 years",%,Age-adjusted prevalence,71.2,,,69.4,72.9,73454,15007,PREVENT,COLON_SCREEN,AgeAdjPrv,Colorectal Cancer Screening,POINT (-159.7059653 22.0120383),1658
2021,HI,Hawaii,Maui,BRFSS,Health Risk Behaviors,Binge drinking among adults aged >=18 years,%,Crude prevalence,16.8,,,14.4,19.1,164221,15009,RISKBEH,BINGE,CrdPrv,Binge Drinking,POINT (-156.6015502 20.8559308),209
2020,HI,Hawaii,Hawaii,BRFSS,Prevention,Cervical cancer screening among adult women aged 21-65 years,%,Age-adjusted prevalence,80.6,,,79.2,82.0,202906,15001,PREVENT,CERVICAL,AgeAdjPrv,Cervical Cancer Screening,POINT (-155.5024434 19.5977643),1656
2021,HI,Hawaii,Kalawao,BRFSS,Health Status,Mental health not good for >=14 days among adults aged >=18 years,%,Age-adjusted prevalence,9.8,,,8.3,11.3,82,15005,HLTHSTAT,MHLTH,AgeAdjPrv,Mental Health,POINT (-156.9740097 21.2187644),
2021,HI,Hawaii,Kauai,BRFSS,Disability,Self-care disability among adults aged >=18 years,%,Age-adjusted prevalence,3.1,,,2.7,3.4,73454,15007,DISABLT,SELFCARE,AgeAdjPrv,Self-care Disability,POINT (-159.7059653 22.0120383),1658
2021,HI,Hawaii,Kalawao,BRFSS,Health Outcomes,High blood pressure among adults aged >=18 years,%,Crude prevalence,40.3,,,36.2,44.2,82,15005,HLTHOUT,BPHIGH,CrdPrv,High Blood Pressure,POINT (-156.9740097 21.2187644),
2021,HI,Hawaii,Hawaii,BRFSS,Prevention,Cholesterol screening among adults aged >=18 years,%,Crude prevalence,80.5,,,77.9,83.1,202906,15001,PREVENT,CHOLSCREEN,CrdPrv,Cholesterol Screening,POINT (-155.5024434 19.5977643),1656
2021,HI,Hawaii,Kauai,BRFSS,Health Risk Behaviors,No leisure-time physical activity among adults aged >=18 years,%,Crude prevalence,20.8,,,17.7,24.5,73454,15007,RISKBEH,LPA,CrdPrv,Physical Inactivity,POINT (-159.7059653 22.0120383),1658
2020,HI,Hawaii,Honolulu,BRFSS,Prevention,Cervical cancer screening among adult women aged 21-65 years,%,Age-adjusted prevalence,79.8,,,77.6,81.7,1000890,15003,PREVENT,CERVICAL,AgeAdjPrv,Cervical Cancer Screening,POINT (-158.201974 21.4613654),1657
2021,HI,Hawaii,Hawaii,BRFSS,Disability,Any disability among adults aged >=18 years,%,Crude prevalence,27.9,,,24.8,31.4,202906,15001,DISABLT,DISABILITY,CrdPrv,Any Disability,POINT (-155.5024434 19.5977643),1656
2021,HI,Hawaii,Hawaii,BRFSS,Health Outcomes,Stroke among adults aged >=18 years,%,Crude prevalence,3.7,,,3.3,4.0,202906,15001,HLTHOUT,STROKE,CrdPrv,Stroke,POINT (-155.5024434 19.5977643),1656
2021,HI,Hawaii,Honolulu,BRFSS,Disability,Vision disability among adults aged >=18 years,%,Age-adjusted prevalence,3.8,,,3.4,4.3,1000890,15003,DISABLT,VISION,AgeAdjPrv,Vision Disability,POINT (-158.201974 21.4613654),1657
2021,HI,Hawaii,Maui,BRFSS,Health Outcomes,High blood pressure among adults aged >=18 years,%,Crude prevalence,26.6,,,23.7,29.5,164221,15009,HLTHOUT,BPHIGH,CrdPrv,High Blood Pressure,POINT (-156.6015502 20.8559308),209
2021,HI,Hawaii,Hawaii,BRFSS,Health Status,Mental health not good for >=14 days among adults aged >=18 years,%,Age-adjusted prevalence,15.3,,,13.5,17.1,202906,15001,HLTHSTAT,MHLTH,AgeAdjPrv,Mental Health,POINT (-155.5024434 19.5977643),1656
2021,HI,Hawaii,Kalawao,BRFSS,Health Outcomes,Diagnosed diabetes among adults aged >=18 years,%,Crude prevalence,16.2,,,13.8,18.5,82,15005,HLTHOUT,DIABETES,CrdPrv,Diabetes,POINT (-156.9740097 21.2187644),
2020,HI,Hawaii,Kauai,BRFSS,Prevention,Cervical cancer screening among adult women aged 21-65 years,%,Age-adjusted prevalence,79.9,,,78.3,81.6,73454,15007,PREVENT,CERVICAL,AgeAdjPrv,Cervical Cancer Screening,POINT (-159.7059653 22.0120383),1658
2021,HI,Hawaii,Hawaii,BRFSS,Health Outcomes,Depression among adults aged >=18 years,%,Age-adjusted prevalence,17.3,,,14.8,19.9,202906,15001,HLTHOUT,DEPRESSION,AgeAdjPrv,Depression,POINT (-155.5024434 19.5977643),1656
2021,HI,Hawaii,Maui,BRFSS,Prevention,Current lack of health insurance among adults aged 18-64 years,%,Crude prevalence,6.3,,,5.1,7.7,164221,15009,PREVENT,ACCESS2,CrdPrv,Health Insurance,POINT (-156.6015502 20.8559308),209
2020,HI,Hawaii,Honolulu,BRFSS,Prevention,Visits to dentist or dental clinic among adults aged >=18 years,%,Crude prevalence,74.1,,,72.2,76.0,1000890,15003,PREVENT,DENTAL,CrdPrv,Dental Visit,POINT (-158.201974 21.4613654),1657
2021,HI,Hawaii,Maui,BRFSS,Health Outcomes,Chronic obstructive pulmonary disease among adults aged >=18 years,%,Age-adjusted prevalence,4.2,,,3.6,4.9,164221,15009,HLTHOUT,COPD,AgeAdjPrv,COPD,POINT (-156.6015502 20.8559308),209
2021,HI,Hawaii,Honolulu,BRFSS,Health Outcomes,Cancer (excluding skin cancer) among adults aged >=18 years,%,Crude prevalence,6,,,5.5,6.6,1000890,15003,HLTHOUT,CANCER,CrdPrv,Cancer (except skin),POINT (-158.201974 21.4613654),1657
2021,HI,Hawaii,Maui,BRFSS,Health Status,Fair or poor self-rated health status among adults aged >=18 years,%,Crude prevalence,14.2,,,12.3,16.3,164221,15009,HLTHSTAT,GHLTH,CrdPrv,General Health,POINT (-156.6015502 20.8559308),209
2021,HI,Hawaii,Kalawao,BRFSS,Prevention,Cholesterol screening among adults aged >=18 years,%,Age-adjusted prevalence,64.8,,,62.2,67.2,82,15005,PREVENT,CHOLSCREEN,AgeAdjPrv,Cholesterol Screening,POINT (-156.9740097 21.2187644),
2021,HI,Hawaii,Kalawao,BRFSS,Health Status,Fair or poor self-rated health status among adults aged >=18 years,%,Age-adjusted prevalence,13.7,,,11.5,16.2,82,15005,HLTHSTAT,GHLTH,AgeAdjPrv,General Health,POINT (-156.9740097 21.2187644),
2021,HI,Hawaii,Hawaii,BRFSS,Prevention,Taking medicine for high blood pressure control among adults aged >=18 years with high blood pressure,%,Crude prevalence,78,,,75.0,80.7,202906,15001,PREVENT,BPMED,CrdPrv,Taking BP Medication,POINT (-155.5024434 19.5977643),1656
2020,HI,Hawaii,Honolulu,BRFSS,Health Risk Behaviors,Sleeping less than 7 hours among adults aged >=18 years,%,Crude prevalence,41.3,,,40.3,42.3,1000890,15003,RISKBEH,SLEEP,CrdPrv,Sleep <7 hours,POINT (-158.201974 21.4613654),1657
2021,HI,Hawaii,Maui,BRFSS,Health Risk Behaviors,Binge drinking among adults aged >=18 years,%,Age-adjusted prevalence,19,,,16.4,21.6,164221,15009,RISKBEH,BINGE,AgeAdjPrv,Binge Drinking,POINT (-156.6015502 20.8559308),209
2021,HI,Hawaii,Honolulu,BRFSS,Health Outcomes,Depression among adults aged >=18 years,%,Age-adjusted prevalence,12.2,,,10.4,14.0,1000890,15003,HLTHOUT,DEPRESSION,AgeAdjPrv,Depression,POINT (-158.201974 21.4613654),1657
2021,HI,Hawaii,Kauai,BRFSS,Health Outcomes,Coronary heart disease among adults aged >=18 years,%,Crude prevalence,6.1,,,5.4,6.9,73454,15007,HLTHOUT,CHD,CrdPrv,Coronary Heart Disease,POINT (-159.7059653 22.0120383),1658
2021,HI,Hawaii,Honolulu,BRFSS,Health Outcomes,Chronic kidney disease among adults aged >=18 years,%,Age-adjusted prevalence,2.6,,,2.4,2.8,1000890,15003,HLTHOUT,KIDNEY,AgeAdjPrv,Chronic Kidney Disease,POINT (-158.201974 21.4613654),1657
2021,HI,Hawaii,Kauai,BRFSS,Health Risk Behaviors,Binge drinking among adults aged >=18 years,%,Age-adjusted prevalence,18.9,,,16.3,21.7,73454,15007,RISKBEH,BINGE,AgeAdjPrv,Binge Drinking,POINT (-159.7059653 22.0120383),1658
2021,HI,Hawaii,Hawaii,BRFSS,Health Outcomes,High cholesterol among adults aged >=18 years who have been screened in the past 5 years,%,Age-adjusted prevalence,26.6,,,23.6,29.7,202906,15001,HLTHOUT,HIGHCHOL,AgeAdjPrv,High Cholesterol,POINT (-155.5024434 19.5977643),1656
2021,HI,Hawaii,Kalawao,BRFSS,Health Risk Behaviors,No leisure-time physical activity among adults aged >=18 years,%,Age-adjusted prevalence,16.2,,,13.2,19.3,82,15005,RISKBEH,LPA,AgeAdjPrv,Physical Inactivity,POINT (-156.9740097 21.2187644),
2021,HI,Hawaii,Kalawao,BRFSS,Health Outcomes,Cancer (excluding skin cancer) among adults aged >=18 years,%,Age-adjusted prevalence,5.5,,,4.9,6.1,82,15005,HLTHOUT,CANCER,AgeAdjPrv,Cancer (except skin),POINT (-156.9740097 21.2187644),
2021,HI,Hawaii,Kauai,BRFSS,Health Outcomes,Stroke among adults aged >=18 years,%,Age-adjusted prevalence,2.7,,,2.4,2.9,73454,15007,HLTHOUT,STROKE,AgeAdjPrv,Stroke,POINT (-159.7059653 22.0120383),1658
2021,HI,Hawaii,Maui,BRFSS,Health Risk Behaviors,Current smoking among adults aged >=18 years,%,Crude prevalence,12.2,,,10.2,14.5,164221,15009,RISKBEH,CSMOKING,CrdPrv,Current Smoking,POINT (-156.6015502 20.8559308),209
2021,HI,Hawaii,Maui,BRFSS,Health Outcomes,Depression among adults aged >=18 years,%,Age-adjusted prevalence,13.3,,,11.2,15.5,164221,15009,HLTHOUT,DEPRESSION,AgeAdjPrv,Depression,POINT (-156.6015502 20.8559308),209
2021,HI,Hawaii,Hawaii,BRFSS,Health Outcomes,Stroke among adults aged >=18 years,%,Age-adjusted prevalence,2.8,,,2.6,3.1,202906,15001,HLTHOUT,STROKE,AgeAdjPrv,Stroke,POINT (-155.5024434 19.5977643),1656
2021,HI,Hawaii,Hawaii,BRFSS,Health Risk Behaviors,No leisure-time physical activity among adults aged >=18 years,%,Crude prevalence,22.9,,,19.6,26.4,202906,15001,RISKBEH,LPA,CrdPrv,Physical Inactivity,POINT (-155.5024434 19.5977643),1656
2021,HI,Hawaii,Kauai,BRFSS,Health Outcomes,Depression among adults aged >=18 years,%,Age-adjusted prevalence,14.7,,,12.4,17.2,73454,15007,HLTHOUT,DEPRESSION,AgeAdjPrv,Depression,POINT (-159.7059653 22.0120383),1658
2021,HI,Hawaii,Kalawao,BRFSS,Disability,Mobility disability among adults aged >=18 years,%,Crude prevalence,20.7,,,17.0,23.9,82,15005,DISABLT,MOBILITY,CrdPrv,Mobility Disability,POINT (-156.9740097 21.2187644),
2021,HI,Hawaii,Hawaii,BRFSS,Disability,Self-care disability among adults aged >=18 years,%,Crude prevalence,4,,,3.6,4.5,202906,15001,DISABLT,SELFCARE,CrdPrv,Self-care Disability,POINT (-155.5024434 19.5977643),1656
2021,HI,Hawaii,Kauai,BRFSS,Disability,Independent living disability among adults aged >=18 years,%,Crude prevalence,6.3,,,5.5,7.2,73454,15007,DISABLT,INDEPLIVE,CrdPrv,Independent Living Disability,POINT (-159.7059653 22.0120383),1658
2021,HI,Hawaii,Honolulu,BRFSS,Health Outcomes,Stroke among adults aged >=18 years,%,Age-adjusted prevalence,2.5,,,2.3,2.8,1000890,15003,HLTHOUT,STROKE,AgeAdjPrv,Stroke,POINT (-158.201974 21.4613654),1657
2021,HI,Hawaii,Honolulu,BRFSS,Prevention,Visits to doctor for routine checkup within the past year among adults aged >=18 years,%,Age-adjusted prevalence,71.6,,,67.6,75.4,1000890,15003,PREVENT,CHECKUP,AgeAdjPrv,Annual Checkup,POINT (-158.201974 21.4613654),1657
2021,HI,Hawaii,Maui,BRFSS,Health Outcomes,Cancer (excluding skin cancer) among adults aged >=18 years,%,Crude prevalence,6.7,,,6.1,7.3,164221,15009,HLTHOUT,CANCER,CrdPrv,Cancer (except skin),POINT (-156.6015502 20.8559308),209
2021,HI,Hawaii,Kalawao,BRFSS,Health Outcomes,Chronic obstructive pulmonary disease among adults aged >=18 years,%,Crude prevalence,8,,,6.4,9.7,82,15005,HLTHOUT,COPD,CrdPrv,COPD,POINT (-156.9740097 21.2187644),
2020,HI,Hawaii,Honolulu,BRFSS,Prevention,Mammography use among women aged 50-74 years,%,Crude prevalence,77.6,,,75.1,80.0,1000890,15003,PREVENT,MAMMOUSE,CrdPrv,Mammography,POINT (-158.201974 21.4613654),1657
2021,HI,Hawaii,Kalawao,BRFSS,Health Outcomes,Arthritis among adults aged >=18 years,%,Crude prevalence,33.4,,,29.6,37.0,82,15005,HLTHOUT,ARTHRITIS,CrdPrv,Arthritis,POINT (-156.9740097 21.2187644),
2021,HI,Hawaii,Kalawao,BRFSS,Health Outcomes,High cholesterol among adults aged >=18 years who have been screened in the past 5 years,%,Age-adjusted prevalence,23.6,,,20.8,26.5,82,15005,HLTHOUT,HIGHCHOL,AgeAdjPrv,High Cholesterol,POINT (-156.9740097 21.2187644),
2021,HI,Hawaii,Kauai,BRFSS,Disability,Mobility disability among adults aged >=18 years,%,Age-adjusted prevalence,9.4,,,8.1,10.8,73454,15007,DISABLT,MOBILITY,AgeAdjPrv,Mobility Disability,POINT (-159.7059653 22.0120383),1658
2020,HI,Hawaii,Maui,BRFSS,Prevention,Mammography use among women aged 50-74 years,%,Crude prevalence,75.7,,,73.5,77.8,164221,15009,PREVENT,MAMMOUSE,CrdPrv,Mammography,POINT (-156.6015502 20.8559308),209
2021,HI,Hawaii,Hawaii,BRFSS,Health Outcomes,Current asthma among adults aged >=18 years,%,Crude prevalence,9.7,,,8.6,10.9,202906,15001,HLTHOUT,CASTHMA,CrdPrv,Current Asthma,POINT (-155.5024434 19.5977643),1656
2021,HI,Hawaii,Honolulu,BRFSS,Disability,Cognitive disability among adults ages >=18 years,%,Crude prevalence,9,,,7.8,10.3,1000890,15003,DISABLT,COGNITION,CrdPrv,Cognitive Disability,POINT (-158.201974 21.4613654),1657
2021,HI,Hawaii,Honolulu,BRFSS,Health Risk Behaviors,Binge drinking among adults aged >=18 years,%,Age-adjusted prevalence,18.1,,,15.9,20.4,1000890,15003,RISKBEH,BINGE,AgeAdjPrv,Binge Drinking,POINT (-158.201974 21.4613654),1657
2021,HI,Hawaii,Maui,BRFSS,Disability,Mobility disability among adults aged >=18 years,%,Age-adjusted prevalence,9.2,,,7.9,10.5,164221,15009,DISABLT,MOBILITY,AgeAdjPrv,Mobility Disability,POINT (-156.6015502 20.8559308),209
2021,HI,Hawaii,Kauai,BRFSS,Prevention,Current lack of health insurance among adults aged 18-64 years,%,Age-adjusted prevalence,6.7,,,5.5,8.1,73454,15007,PREVENT,ACCESS2,AgeAdjPrv,Health Insurance,POINT (-159.7059653 22.0120383),1658
2021,HI,Hawaii,Honolulu,BRFSS,Disability,Hearing disability among adults aged >=18 years,%,Crude prevalence,6.3,,,5.6,7.1,1000890,15003,DISABLT,HEARING,CrdPrv,Hearing Disability,POINT (-158.201974 21.4613654),1657
2020,HI,Hawaii,Kalawao,BRFSS,Prevention,"Older adult women aged >=65 years who are up to date on a core set of clinical preventive services: Flu shot past year, PPV shot ever, Colorectal cancer screening, and Mammogram past 2 years",%,Crude prevalence,29.4,,,23.7,35.6,82,15005,PREVENT,COREW,CrdPrv,Core preventive services for older women,POINT (-156.9740097 21.2187644),
2021,HI,Hawaii,Maui,BRFSS,Health Outcomes,Coronary heart disease among adults aged >=18 years,%,Age-adjusted prevalence,4.5,,,4.0,5.1,164221,15009,HLTHOUT,CHD,AgeAdjPrv,Coronary Heart Disease,POINT (-156.6015502 20.8559308),209
2020,HI,Hawaii,Maui,BRFSS,Prevention,Cervical cancer screening among adult women aged 21-65 years,%,Age-adjusted prevalence,77.5,,,75.8,79.2,164221,15009,PREVENT,CERVICAL,AgeAdjPrv,Cervical Cancer Screening,POINT (-156.6015502 20.8559308),209
2020,HI,Hawaii,Kalawao,BRFSS,Prevention,Cervical cancer screening among adult women aged 21-65 years,%,Age-adjusted prevalence,69.4,,,67.7,71.0,82,15005,PREVENT,CERVICAL,AgeAdjPrv,Cervical Cancer Screening,POINT (-156.9740097 21.2187644),
2021,HI,Hawaii,Maui,BRFSS,Disability,Self-care disability among adults aged >=18 years,%,Crude prevalence,3.3,,,2.9,3.7,164221,15009,DISABLT,SELFCARE,CrdPrv,Self-care Disability,POINT (-156.6015502 20.8559308),209
2021,HI,Hawaii,Kalawao,BRFSS,Health Status,Physical health not good for >=14 days among adults aged >=18 years,%,Crude prevalence,11.5,,,9.7,13.4,82,15005,HLTHSTAT,PHLTH,CrdPrv,Physical Health,POINT (-156.9740097 21.2187644),
2021,HI,Hawaii,Honolulu,BRFSS,Health Outcomes,Arthritis among adults aged >=18 years,%,Crude prevalence,19.7,,,17.5,22.0,1000890,15003,HLTHOUT,ARTHRITIS,CrdPrv,Arthritis,POINT (-158.201974 21.4613654),1657
2021,HI,Hawaii,Kauai,BRFSS,Health Risk Behaviors,Current smoking among adults aged >=18 years,%,Age-adjusted prevalence,13.3,,,11.0,15.8,73454,15007,RISKBEH,CSMOKING,AgeAdjPrv,Current Smoking,POINT (-159.7059653 22.0120383),1658
2021,HI,Hawaii,Maui,BRFSS,Health Outcomes,High cholesterol among adults aged >=18 years who have been screened in the past 5 years,%,Age-adjusted prevalence,25.8,,,22.7,28.8,164221,15009,HLTHOUT,HIGHCHOL,AgeAdjPrv,High Cholesterol,POINT (-156.6015502 20.8559308),209
2021,HI,Hawaii,Maui,BRFSS,Disability,Independent living disability among adults aged >=18 years,%,Age-adjusted prevalence,5.9,,,5.1,6.6,164221,15009,DISABLT,INDEPLIVE,AgeAdjPrv,Independent Living Disability,POINT (-156.6015502 20.8559308),209
2021,HI,Hawaii,Hawaii,BRFSS,Health Risk Behaviors,Current smoking among adults aged >=18 years,%,Crude prevalence,12.9,,,10.9,15.2,202906,15001,RISKBEH,CSMOKING,CrdPrv,Current Smoking,POINT (-155.5024434 19.5977643),1656
2021,HI,Hawaii,Kauai,BRFSS,Disability,Hearing disability among adults aged >=18 years,%,Crude prevalence,7.6,,,6.7,8.5,73454,15007,DISABLT,HEARING,CrdPrv,Hearing Disability,POINT (-159.7059653 22.0120383),1658
2021,HI,Hawaii,Kalawao,BRFSS,Prevention,Current lack of health insurance among adults aged 18-64 years,%,Crude prevalence,6,,,4.3,8.2,82,15005,PREVENT,ACCESS2,CrdPrv,Health Insurance,POINT (-156.9740097 21.2187644),
2021,HI,Hawaii,Maui,BRFSS,Health Outcomes,Chronic kidney disease among adults aged >=18 years,%,Crude prevalence,3.3,,,3.0,3.6,164221,15009,HLTHOUT,KIDNEY,CrdPrv,Chronic Kidney Disease,POINT (-156.6015502 20.8559308),209
2020,HI,Hawaii,Kalawao,BRFSS,Prevention,"Older adult men aged >=65 years who are up to date on a core set of clinical preventive services: Flu shot past year, PPV shot ever, Colorectal cancer screening",%,Age-adjusted prevalence,32.5,,,26.9,38.4,82,15005,PREVENT,COREM,AgeAdjPrv,Core preventive services for older men,POINT (-156.9740097 21.2187644),
2020,HI,Hawaii,Kalawao,BRFSS,Health Outcomes,All teeth lost among adults aged >=65 years,%,Age-adjusted prevalence,5.4,,,3.4,8.0,82,15005,HLTHOUT,TEETHLOST,AgeAdjPrv,All Teeth Lost,POINT (-156.9740097 21.2187644),
2020,HI,Hawaii,Honolulu,BRFSS,Prevention,"Older adult men aged >=65 years who are up to date on a core set of clinical preventive services: Flu shot past year, PPV shot ever, Colorectal cancer screening",%,Age-adjusted prevalence,36.3,,,32.1,41.0,1000890,15003,PREVENT,COREM,AgeAdjPrv,Core preventive services for older men,POINT (-158.201974 21.4613654),1657
2021,HI,Hawaii,Kauai,BRFSS,Health Status,Fair or poor self-rated health status among adults aged >=18 years,%,Age-adjusted prevalence,13.5,,,11.7,15.5,73454,15007,HLTHSTAT,GHLTH,AgeAdjPrv,General Health,POINT (-159.7059653 22.0120383),1658
2021,HI,Hawaii,Honolulu,BRFSS,Disability,Mobility disability among adults aged >=18 years,%,Age-adjusted prevalence,8.6,,,7.4,9.8,1000890,15003,DISABLT,MOBILITY,AgeAdjPrv,Mobility Disability,POINT (-158.201974 21.4613654),1657
2021,HI,Hawaii,Hawaii,BRFSS,Prevention,Current lack of health insurance among adults aged 18-64 years,%,Age-adjusted prevalence,7.4,,,6.1,9.0,202906,15001,PREVENT,ACCESS2,AgeAdjPrv,Health Insurance,POINT (-155.5024434 19.5977643),1656
2021,HI,Hawaii,Maui,BRFSS,Health Outcomes,Stroke among adults aged >=18 years,%,Age-adjusted prevalence,2.6,,,2.4,2.9,164221,15009,HLTHOUT,STROKE,AgeAdjPrv,Stroke,POINT (-156.6015502 20.8559308),209
2021,HI,Hawaii,Honolulu,BRFSS,Health Status,Fair or poor self-rated health status among adults aged >=18 years,%,Crude prevalence,13.7,,,11.9,15.7,1000890,15003,HLTHSTAT,GHLTH,CrdPrv,General Health,POINT (-158.201974 21.4613654),1657
2021,HI,Hawaii,Kalawao,BRFSS,Health Outcomes,Obesity among adults aged >=18 years,%,Age-adjusted prevalence,28.1,,,23.8,32.5,82,15005,HLTHOUT,OBESITY,AgeAdjPrv,Obesity,POINT (-156.9740097 21.2187644),
2021,HI,Hawaii,Maui,BRFSS,Prevention,Taking medicine for high blood pressure control among adults aged >=18 years with high blood pressure,%,Age-adjusted prevalence,54.8,,,50.4,58.9,164221,15009,PREVENT,BPMED,AgeAdjPrv,Taking BP Medication,POINT (-156.6015502 20.8559308),209
2021,HI,Hawaii,Hawaii,BRFSS,Health Status,Mental health not good for >=14 days among adults aged >=18 years,%,Crude prevalence,13.7,,,12.1,15.4,202906,15001,HLTHSTAT,MHLTH,CrdPrv,Mental Health,POINT (-155.5024434 19.5977643),1656
2021,HI,Hawaii,Kauai,BRFSS,Health Outcomes,Obesity among adults aged >=18 years,%,Crude prevalence,23.7,,,19.7,28.0,73454,15007,HLTHOUT,OBESITY,CrdPrv,Obesity,POINT (-159.7059653 22.0120383),1658
2021,HI,Hawaii,Honolulu,BRFSS,Health Outcomes,Chronic obstructive pulmonary disease among adults aged >=18 years,%,Age-adjusted prevalence,3.6,,,3.1,4.2,1000890,15003,HLTHOUT,COPD,AgeAdjPrv,COPD,POINT (-158.201974 21.4613654),1657
2020,HI,Hawaii,Hawaii,BRFSS,Prevention,"Older adult men aged >=65 years who are up to date on a core set of clinical preventive services: Flu shot past year, PPV shot ever, Colorectal cancer screening",%,Crude prevalence,36.1,,,31.7,40.3,202906,15001,PREVENT,COREM,CrdPrv,Core preventive services for older men,POINT (-155.5024434 19.5977643),1656
2021,HI,Hawaii,Maui,BRFSS,Disability,Hearing disability among adults aged >=18 years,%,Age-adjusted prevalence,5.8,,,5.2,6.5,164221,15009,DISABLT,HEARING,AgeAdjPrv,Hearing Disability,POINT (-156.6015502 20.8559308),209
2021,HI,Hawaii,Hawaii,BRFSS,Health Outcomes,Coronary heart disease among adults aged >=18 years,%,Crude prevalence,6.6,,,5.9,7.4,202906,15001,HLTHOUT,CHD,CrdPrv,Coronary Heart Disease,POINT (-155.5024434 19.5977643),1656
2020,HI,Hawaii,Kauai,BRFSS,Prevention,"Older adult men aged >=65 years who are up to date on a core set of clinical preventive services: Flu shot past year, PPV shot ever, Colorectal cancer screening",%,Age-adjusted prevalence,30.5,,,26.6,34.7,73454,15007,PREVENT,COREM,AgeAdjPrv,Core preventive services for older men,POINT (-159.7059653 22.0120383),1658
2021,HI,Hawaii,Maui,BRFSS,Prevention,Visits to doctor for routine checkup within the past year among adults aged >=18 years,%,Crude prevalence,69,,,64.5,73.0,164221,15009,PREVENT,CHECKUP,CrdPrv,Annual Checkup,POINT (-156.6015502 20.8559308),209
2021,HI,Hawaii,Honolulu,BRFSS,Health Outcomes,Obesity among adults aged >=18 years,%,Age-adjusted prevalence,25,,,21.0,28.9,1000890,15003,HLTHOUT,OBESITY,AgeAdjPrv,Obesity,POINT (-158.201974 21.4613654),1657
2021,HI,Hawaii,Kauai,BRFSS,Health Outcomes,Cancer (excluding skin cancer) among adults aged >=18 years,%,Age-adjusted prevalence,5.2,,,4.7,5.7,73454,15007,HLTHOUT,CANCER,AgeAdjPrv,Cancer (except skin),POINT (-159.7059653 22.0120383),1658
2021,HI,Hawaii,Honolulu,BRFSS,Health Outcomes,Current asthma among adults aged >=18 years,%,Crude prevalence,8.2,,,7.3,9.1,1000890,15003,HLTHOUT,CASTHMA,CrdPrv,Current Asthma,POINT (-158.201974 21.4613654),1657
2020,HI,Hawaii,Honolulu,BRFSS,Prevention,Cervical cancer screening among adult women aged 21-65 years,%,Crude prevalence,79.1,,,76.9,81.1,1000890,15003,PREVENT,CERVICAL,CrdPrv,Cervical Cancer Screening,POINT (-158.201974 21.4613654),1657
2021,HI,Hawaii,Hawaii,BRFSS,Prevention,Cholesterol screening among adults aged >=18 years,%,Age-adjusted prevalence,76.1,,,72.9,79.2,202906,15001,PREVENT,CHOLSCREEN,AgeAdjPrv,Cholesterol Screening,POINT (-155.5024434 19.5977643),1656
2021,HI,Hawaii,Kalawao,BRFSS,Health Outcomes,Diagnosed diabetes among adults aged >=18 years,%,Age-adjusted prevalence,9.4,,,8.1,10.7,82,15005,HLTHOUT,DIABETES,AgeAdjPrv,Diabetes,POINT (-156.9740097 21.2187644),
2020,HI,Hawaii,Hawaii,BRFSS,Health Outcomes,All teeth lost among adults aged >=65 years,%,Age-adjusted prevalence,8.2,,,6.3,10.4,202906,15001,HLTHOUT,TEETHLOST,AgeAdjPrv,All Teeth Lost,POINT (-155.5024434 19.5977643),1656
2021,HI,Hawaii,Kauai,BRFSS,Health Risk Behaviors,Binge drinking among adults aged >=18 years,%,Crude prevalence,16.4,,,14.1,18.9,73454,15007,RISKBEH,BINGE,CrdPrv,Binge Drinking,POINT (-159.7059653 22.0120383),1658
2021,HI,Hawaii,Maui,BRFSS,Disability,Vision disability among adults aged >=18 years,%,Age-adjusted prevalence,4.2,,,3.7,4.7,164221,15009,DISABLT,VISION,AgeAdjPrv,Vision Disability,POINT (-156.6015502 20.8559308),209
2021,HI,Hawaii,Honolulu,BRFSS,Health Outcomes,High cholesterol among adults aged >=18 years who have been screened in the past 5 years,%,Crude prevalence,35,,,31.9,38.2,1000890,15003,HLTHOUT,HIGHCHOL,CrdPrv,High Cholesterol,POINT (-158.201974 21.4613654),1657
2021,HI,Hawaii,Kalawao,BRFSS,Health Outcomes,High blood pressure among adults aged >=18 years,%,Age-adjusted prevalence,23.8,,,21.2,26.6,82,15005,HLTHOUT,BPHIGH,AgeAdjPrv,High Blood Pressure,POINT (-156.9740097 21.2187644),
2021,HI,Hawaii,Hawaii,BRFSS,Health Outcomes,Diagnosed diabetes among adults aged >=18 years,%,Age-adjusted prevalence,8.7,,,7.6,9.9,202906,15001,HLTHOUT,DIABETES,AgeAdjPrv,Diabetes,POINT (-155.5024434 19.5977643),1656
2020,HI,Hawaii,Hawaii,BRFSS,Prevention,Mammography use among women aged 50-74 years,%,Crude prevalence,74.9,,,72.5,77.0,202906,15001,PREVENT,MAMMOUSE,CrdPrv,Mammography,POINT (-155.5024434 19.5977643),1656
2021,HI,Hawaii,Maui,BRFSS,Disability,Cognitive disability among adults ages >=18 years,%,Crude prevalence,10,,,8.7,11.4,164221,15009,DISABLT,COGNITION,CrdPrv,Cognitive Disability,POINT (-156.6015502 20.8559308),209
2020,HI,Hawaii,Kalawao,BRFSS,Prevention,Mammography use among women aged 50-74 years,%,Crude prevalence,80.3,,,77.3,83.0,82,15005,PREVENT,MAMMOUSE,CrdPrv,Mammography,POINT (-156.9740097 21.2187644),
2021,HI,Hawaii,Maui,BRFSS,Disability,Any disability among adults aged >=18 years,%,Age-adjusted prevalence,22.4,,,19.6,25.4,164221,15009,DISABLT,DISABILITY,AgeAdjPrv,Any Disability,POINT (-156.6015502 20.8559308),209
2020,HI,Hawaii,Hawaii,BRFSS,Prevention,"Fecal occult blood test, sigmoidoscopy, or colonoscopy among adults aged 50-75 years",%,Crude prevalence,73,,,71.4,74.6,202906,15001,PREVENT,COLON_SCREEN,CrdPrv,Colorectal Cancer Screening,POINT (-155.5024434 19.5977643),1656
2021,HI,Hawaii,Kalawao,BRFSS,Disability,Cognitive disability among adults ages >=18 years,%,Crude prevalence,10.2,,,8.4,12.1,82,15005,DISABLT,COGNITION,CrdPrv,Cognitive Disability,POINT (-156.9740097 21.2187644),
2021,HI,Hawaii,Kauai,BRFSS,Disability,Self-care disability among adults aged >=18 years,%,Crude prevalence,3.5,,,3.1,3.9,73454,15007,DISABLT,SELFCARE,CrdPrv,Self-care Disability,POINT (-159.7059653 22.0120383),1658
2021,HI,Hawaii,Kauai,BRFSS,Prevention,Visits to doctor for routine checkup within the past year among adults aged >=18 years,%,Age-adjusted prevalence,71.2,,,67.0,75.5,73454,15007,PREVENT,CHECKUP,AgeAdjPrv,Annual Checkup,POINT (-159.7059653 22.0120383),1658
2021,HI,Hawaii,Kauai,BRFSS,Health Outcomes,Depression among adults aged >=18 years,%,Crude prevalence,13.7,,,11.6,16.0,73454,15007,HLTHOUT,DEPRESSION,CrdPrv,Depression,POINT (-159.7059653 22.0120383),1658
2021,HI,Hawaii,Honolulu,BRFSS,Health Outcomes,Chronic kidney disease among adults aged >=18 years,%,Crude prevalence,3,,,2.7,3.3,1000890,15003,HLTHOUT,KIDNEY,CrdPrv,Chronic Kidney Disease,POINT (-158.201974 21.4613654),1657
2021,HI,Hawaii,Honolulu,BRFSS,Prevention,Visits to doctor for routine checkup within the past year among adults aged >=18 years,%,Crude prevalence,73.4,,,69.6,77.0,1000890,15003,PREVENT,CHECKUP,CrdPrv,Annual Checkup,POINT (-158.201974 21.4613654),1657
2021,HI,Hawaii,Honolulu,BRFSS,Prevention,Current lack of health insurance among adults aged 18-64 years,%,Age-adjusted prevalence,5.4,,,4.4,6.5,1000890,15003,PREVENT,ACCESS2,AgeAdjPrv,Health Insurance,POINT (-158.201974 21.4613654),1657
2021,HI,Hawaii,Kauai,BRFSS,Prevention,Current lack of health insurance among adults aged 18-64 years,%,Crude prevalence,6.4,,,5.2,7.7,73454,15007,PREVENT,ACCESS2,CrdPrv,Health Insurance,POINT (-159.7059653 22.0120383),1658
2021,HI,Hawaii,Maui,BRFSS,Disability,Mobility disability among adults aged >=18 years,%,Crude prevalence,11.1,,,9.5,12.7,164221,15009,DISABLT,MOBILITY,CrdPrv,Mobility Disability,POINT (-156.6015502 20.8559308),209
2021,HI,Hawaii,Kauai,BRFSS,Health Outcomes,Chronic kidney disease among adults aged >=18 years,%,Age-adjusted prevalence,2.7,,,2.4,2.9,73454,15007,HLTHOUT,KIDNEY,AgeAdjPrv,Chronic Kidney Disease,POINT (-159.7059653 22.0120383),1658
2021,HI,Hawaii,Hawaii,BRFSS,Health Status,Fair or poor self-rated health status among adults aged >=18 years,%,Age-adjusted prevalence,14.5,,,12.7,16.4,202906,15001,HLTHSTAT,GHLTH,AgeAdjPrv,General Health,POINT (-155.5024434 19.5977643),1656
2021,HI,Hawaii,Maui,BRFSS,Prevention,Current lack of health insurance among adults aged 18-64 years,%,Age-adjusted prevalence,6.6,,,5.4,8.1,164221,15009,PREVENT,ACCESS2,AgeAdjPrv,Health Insurance,POINT (-156.6015502 20.8559308),209
2021,HI,Hawaii,Hawaii,BRFSS,Disability,Cognitive disability among adults ages >=18 years,%,Crude prevalence,11.5,,,9.9,13.0,202906,15001,DISABLT,COGNITION,CrdPrv,Cognitive Disability,POINT (-155.5024434 19.5977643),1656
2021,HI,Hawaii,Kalawao,BRFSS,Health Risk Behaviors,Current smoking among adults aged >=18 years,%,Age-adjusted prevalence,13.6,,,10.4,17.2,82,15005,RISKBEH,CSMOKING,AgeAdjPrv,Current Smoking,POINT (-156.9740097 21.2187644),
2021,HI,Hawaii,Kalawao,BRFSS,Health Outcomes,Cancer (excluding skin cancer) among adults aged >=18 years,%,Crude prevalence,11.2,,,10.0,12.4,82,15005,HLTHOUT,CANCER,CrdPrv,Cancer (except skin),POINT (-156.9740097 21.2187644),
2021,HI,Hawaii,Maui,BRFSS,Health Outcomes,Chronic obstructive pulmonary disease among adults aged >=18 years,%,Crude prevalence,5.1,,,4.3,6.0,164221,15009,HLTHOUT,COPD,CrdPrv,COPD,POINT (-156.6015502 20.8559308),209
2021,HI,Hawaii,Honolulu,BRFSS,Health Outcomes,Cancer (excluding skin cancer) among adults aged >=18 years,%,Age-adjusted prevalence,5.1,,,4.6,5.5,1000890,15003,HLTHOUT,CANCER,AgeAdjPrv,Cancer (except skin),POINT (-158.201974 21.4613654),1657
2021,HI,Hawaii,Kalawao,BRFSS,Health Status,Fair or poor self-rated health status among adults aged >=18 years,%,Crude prevalence,20.5,,,16.9,24.0,82,15005,HLTHSTAT,GHLTH,CrdPrv,General Health,POINT (-156.9740097 21.2187644),
2021,HI,Hawaii,Kauai,BRFSS,Health Outcomes,Stroke among adults aged >=18 years,%,Crude prevalence,3.4,,,3.1,3.8,73454,15007,HLTHOUT,STROKE,CrdPrv,Stroke,POINT (-159.7059653 22.0120383),1658
2021,HI,Hawaii,Honolulu,BRFSS,Health Outcomes,High blood pressure among adults aged >=18 years,%,Crude prevalence,29.6,,,26.7,32.5,1000890,15003,HLTHOUT,BPHIGH,CrdPrv,High Blood Pressure,POINT (-158.201974 21.4613654),1657
2021,HI,Hawaii,Hawaii,BRFSS,Health Outcomes,Cancer (excluding skin cancer) among adults aged >=18 years,%,Age-adjusted prevalence,5.7,,,5.2,6.2,202906,15001,HLTHOUT,CANCER,AgeAdjPrv,Cancer (except skin),POINT (-155.5024434 19.5977643),1656
2021,HI,Hawaii,Hawaii,BRFSS,Health Risk Behaviors,No leisure-time physical activity among adults aged >=18 years,%,Age-adjusted prevalence,21.4,,,18.2,24.6,202906,15001,RISKBEH,LPA,AgeAdjPrv,Physical Inactivity,POINT (-155.5024434 19.5977643),1656
2020,HI,Hawaii,Kalawao,BRFSS,Health Outcomes,All teeth lost among adults aged >=65 years,%,Crude prevalence,4.5,,,2.7,7.1,82,15005,HLTHOUT,TEETHLOST,CrdPrv,All Teeth Lost,POINT (-156.9740097 21.2187644),
2021,HI,Hawaii,Maui,BRFSS,Disability,Self-care disability among adults aged >=18 years,%,Age-adjusted prevalence,2.9,,,2.6,3.3,164221,15009,DISABLT,SELFCARE,AgeAdjPrv,Self-care Disability,POINT (-156.6015502 20.8559308),209
2021,HI,Hawaii,Honolulu,BRFSS,Health Outcomes,Diagnosed diabetes among adults aged >=18 years,%,Crude prevalence,10.6,,,9.3,11.9,1000890,15003,HLTHOUT,DIABETES,CrdPrv,Diabetes,POINT (-158.201974 21.4613654),1657
2021,HI,Hawaii,Kauai,BRFSS,Health Risk Behaviors,Current smoking among adults aged >=18 years,%,Crude prevalence,12.7,,,10.7,15.1,73454,15007,RISKBEH,CSMOKING,CrdPrv,Current Smoking,POINT (-159.7059653 22.0120383),1658
2020,HI,Hawaii,Kauai,BRFSS,Prevention,Mammography use among women aged 50-74 years,%,Age-adjusted prevalence,73.8,,,71.4,76.4,73454,15007,PREVENT,MAMMOUSE,AgeAdjPrv,Mammography,POINT (-159.7059653 22.0120383),1658
2020,HI,Hawaii,Honolulu,BRFSS,Health Outcomes,All teeth lost among adults aged >=65 years,%,Crude prevalence,5,,,3.7,6.8,1000890,15003,HLTHOUT,TEETHLOST,CrdPrv,All Teeth Lost,POINT (-158.201974 21.4613654),1657
2021,HI,Hawaii,Hawaii,BRFSS,Health Risk Behaviors,Current smoking among adults aged >=18 years,%,Age-adjusted prevalence,13.7,,,11.5,15.9,202906,15001,RISKBEH,CSMOKING,AgeAdjPrv,Current Smoking,POINT (-155.5024434 19.5977643),1656
2021,HI,Hawaii,Honolulu,BRFSS,Health Status,Fair or poor self-rated health status among adults aged >=18 years,%,Age-adjusted prevalence,13,,,11.2,14.8,1000890,15003,HLTHSTAT,GHLTH,AgeAdjPrv,General Health,POINT (-158.201974 21.4613654),1657
2021,HI,Hawaii,Honolulu,BRFSS,Health Risk Behaviors,Current smoking among adults aged >=18 years,%,Age-adjusted prevalence,11.2,,,9.4,13.2,1000890,15003,RISKBEH,CSMOKING,AgeAdjPrv,Current Smoking,POINT (-158.201974 21.4613654),1657
2020,HI,Hawaii,Honolulu,BRFSS,Prevention,Mammography use among women aged 50-74 years,%,Age-adjusted prevalence,77.8,,,75.4,80.2,1000890,15003,PREVENT,MAMMOUSE,AgeAdjPrv,Mammography,POINT (-158.201974 21.4613654),1657
2021,HI,Hawaii,Kauai,BRFSS,Disability,Cognitive disability among adults ages >=18 years,%,Age-adjusted prevalence,11.1,,,9.6,12.7,73454,15007,DISABLT,COGNITION,AgeAdjPrv,Cognitive Disability,POINT (-159.7059653 22.0120383),1658
2021,HI,Hawaii,Hawaii,BRFSS,Disability,Self-care disability among adults aged >=18 years,%,Age-adjusted prevalence,3.5,,,3.1,3.9,202906,15001,DISABLT,SELFCARE,AgeAdjPrv,Self-care Disability,POINT (-155.5024434 19.5977643),1656
2021,HI,Hawaii,Hawaii,BRFSS,Health Outcomes,Obesity among adults aged >=18 years,%,Crude prevalence,27.1,,,22.8,31.7,202906,15001,HLTHOUT,OBESITY,CrdPrv,Obesity,POINT (-155.5024434 19.5977643),1656
2021,HI,Hawaii,Honolulu,BRFSS,Health Outcomes,Obesity among adults aged >=18 years,%,Crude prevalence,24.3,,,20.5,28.3,1000890,15003,HLTHOUT,OBESITY,CrdPrv,Obesity,POINT (-158.201974 21.4613654),1657
2021,HI,Hawaii,Hawaii,BRFSS,Disability,Independent living disability among adults aged >=18 years,%,Crude prevalence,7,,,6.1,7.9,202906,15001,DISABLT,INDEPLIVE,CrdPrv,Independent Living Disability,POINT (-155.5024434 19.5977643),1656
2021,HI,Hawaii,Maui,BRFSS,Health Outcomes,Current asthma among adults aged >=18 years,%,Age-adjusted prevalence,9.2,,,8.1,10.3,164221,15009,HLTHOUT,CASTHMA,AgeAdjPrv,Current Asthma,POINT (-156.6015502 20.8559308),209
2020,HI,Hawaii,Kalawao,BRFSS,Prevention,Cervical cancer screening among adult women aged 21-65 years,%,Crude prevalence,84.8,,,82.7,87.0,82,15005,PREVENT,CERVICAL,CrdPrv,Cervical Cancer Screening,POINT (-156.9740097 21.2187644),
2021,HI,Hawaii,Kalawao,BRFSS,Disability,Self-care disability among adults aged >=18 years,%,Age-adjusted prevalence,3.7,,,3.1,4.3,82,15005,DISABLT,SELFCARE,AgeAdjPrv,Self-care Disability,POINT (-156.9740097 21.2187644),
2021,HI,Hawaii,Maui,BRFSS,Health Risk Behaviors,Current smoking among adults aged >=18 years,%,Age-adjusted prevalence,12.6,,,10.5,14.8,164221,15009,RISKBEH,CSMOKING,AgeAdjPrv,Current Smoking,POINT (-156.6015502 20.8559308),209
2021,HI,Hawaii,Kalawao,BRFSS,Health Outcomes,High cholesterol among adults aged >=18 years who have been screened in the past 5 years,%,Crude prevalence,38.6,,,34.4,42.7,82,15005,HLTHOUT,HIGHCHOL,CrdPrv,High Cholesterol,POINT (-156.9740097 21.2187644),
2021,HI,Hawaii,Hawaii,BRFSS,Health Outcomes,High blood pressure among adults aged >=18 years,%,Age-adjusted prevalence,25.4,,,22.6,28.4,202906,15001,HLTHOUT,BPHIGH,AgeAdjPrv,High Blood Pressure,POINT (-155.5024434 19.5977643),1656
2021,HI,Hawaii,Honolulu,BRFSS,Disability,Self-care disability among adults aged >=18 years,%,Age-adjusted prevalence,2.6,,,2.3,2.9,1000890,15003,DISABLT,SELFCARE,AgeAdjPrv,Self-care Disability,POINT (-158.201974 21.4613654),1657
2021,HI,Hawaii,Honolulu,BRFSS,Disability,Cognitive disability among adults ages >=18 years,%,Age-adjusted prevalence,9.3,,,8.0,10.7,1000890,15003,DISABLT,COGNITION,AgeAdjPrv,Cognitive Disability,POINT (-158.201974 21.4613654),1657
